temperature,vibration,pressure,operating_hours,failure
73.04717079754431,1.6264071535187863,113.93379062960122,16575.567653423564,0
59.60015893759504,1.1032330484319683,98.67904279862069,10790.712700880465,0
77.50451195806457,2.3859806123380736,89.163354860224,19810.20819871213,1
79.40564716391214,0.3774044758665504,108.0597338693266,16601.8128745656,0
50.48964811346164,0.9841842559913245,101.15020534610977,2759.545602732294,0
56.97820493137682,3.470151429675466,112.04755299183185,11821.212083788541,0
71.27840403167285,0.513409727753849,101.94375742384679,11617.152733658992,0
66.83757407656418,1.9990276765177102,99.8399881012263,13058.903434389995,0
69.83198842495712,1.4182834759415286,112.20896647019752,18815.131831548573,0
61.4695607242642,1.3088698163838972,87.6922692397041,9840.638266116857,0
78.79397974862829,3.7044777556411,95.31710156317594,1547.6292736763053,0
77.77791935428948,4.217442122403857,92.90109622515834,9586.627210506991,0
70.66030697561216,0.7799800902745743,82.43936177141373,15755.887738302858,0
81.27241206968033,1.7478592045346242,106.98541142413282,7172.175495871003,0
74.67509342252046,0.2699453363948169,95.54065268813649,542.0981184188367,0
61.40707537116762,3.5596435718490147,107.2429443331726,6064.864438132855,0
73.68750784082499,1.9194311679850737,103.11269192987683,13642.99889405924,0
60.411173991710015,0.4769476429436394,104.85713973302147,1720.1885617176304,0
78.78450301307272,1.0274084378277588,96.35680415327482,7519.296173784971,0
69.50074089013746,0.7150605738994126,93.88601484811961,2662.616700016709,0
68.15137636454739,0.9755070235310772,100.71808700175777,9518.571834623783,0
63.190704555960586,0.3030350586082484,107.35334546646536,2830.2698354417544,0
82.2254133867403,4.9684587105964555,99.59694395613006,2180.7395001942064,1
68.45470517931197,0.8084570966188708,94.38450941894166,13955.975838570053,0
65.71672177836894,1.9953565705328116,90.40785526881314,3160.031772740215,0
66.4786644951177,2.7222505057337556,101.63330412259062,3095.9158916765505,0
75.32309185553349,4.221569166288771,95.5674597205717,11850.38350932222,0
73.65444064364078,2.04869132665382,99.42607530088208,871.8762313169703,0
74.12732611595989,1.6064998803126729,98.08976974201073,659.8525760038565,0
74.30821003007883,2.11502422077756,96.44455220252364,8628.925378942131,0
91.41647600870462,0.7757888599516259,102.3504284860761,7301.909664491186,0
65.93584983615385,0.8366770351839347,104.43603267315285,10892.38804330991,0
64.87757270928462,1.5765433479504338,115.72223155720627,19869.692345804968,0
61.86227271752122,0.18573437683736782,106.06374171747609,8694.129920515836,0
76.15979422575495,1.1238557316168292,112.74945863579312,11521.167549143827,0
81.28972292720891,1.3469229647212362,93.45119702878611,18384.872523580532,0
68.86052542345125,6.6711642397235345,87.19244183418381,9663.58206042767,1
61.59843523037472,4.5985735580743885,99.88455795423873,15622.410511442755,0
61.755187843087604,2.7150612432624697,106.86421795319279,10973.05071885464,0
76.50592787824701,3.6220093236462376,105.60929374527544,12744.144956473086,0
77.43254171203442,0.8300539847711738,109.6910525786126,18650.048805543414,1
75.43154268305194,2.158481642699667,79.70763712811835,14.075366353760721,0
63.344902927113054,3.314485213386384,110.02381515907366,18018.79778503951,0
72.3216132306672,0.8371510122943312,102.68370101143712,9953.840393140776,0
71.16685809140728,0.49810716016176804,87.6478932389999,12135.287384831081,0
72.18688596729012,2.5100949587854657,105.78823077383045,9001.159439250228,0
78.7142877794819,0.5593490689072533,101.35586061466371,5218.372587046471,0
72.23595548774682,2.897203529432366,103.0498343886244,1320.1438023384626,0
76.78913563071895,4.172185254512714,107.99287320252289,18902.514189665395,0
70.67579069488892,0.8623442678410771,103.44220294744572,12477.524125494721,0
72.89119398689984,0.9250867381282051,88.21739921224251,17469.41474923621,0
76.3128822583854,4.088400609813435,98.85578984173672,5816.165661097596,0
55.428441801443334,2.0571743144569754,87.05883863319286,5559.978983975753,0
66.80328783642699,3.719955330648274,105.19249504447114,6715.68889414579,0
65.29627345707205,1.6235414651063902,111.18376193267231,4620.764578788155,0
63.61122151756658,1.7226675985035853,90.0683842995814,9959.414267692633,0
67.24857748773316,2.0164278126630046,94.62828991574072,18724.830943224024,0
84.94941311234396,5.788776130685953,92.94104543102266,17521.25343259964,1
61.341688843067566,3.520460893624257,96.3687578244933,9902.009079239793,0
79.68278354591482,1.0916680568299988,103.29938526559094,6975.249316520498,0
53.17130228384195,2.2771873809230847,96.45544702319073,12233.756055271166,0
66.65114970014226,1.5335929946238949,105.2202413815922,12245.162669580843,0
71.62753065105005,1.3088499435711785,108.5230381606078,13675.281780080297,0
75.86222331359278,2.8392651086649834,108.81407409063422,10712.000516629096,0
77.11226579792854,2.436483118994496,91.05455123704282,535.1052041340498,0
77.93347235199926,0.8716303267198766,111.08743155578179,1520.930346945868,0
66.51274927751562,2.0202912932678627,111.72857827900991,19475.499708096762,0
65.37648207335432,1.2751968752495715,112.42143944989735,14924.705902663747,0
78.57975881257154,2.7113795221930768,98.73748144225843,18964.93797204445,1
68.08695675118385,1.2278348117374331,93.98526021351778,6790.512020366066,0
57.24313676662078,1.7309778174347192,92.12607046815933,10698.988366265883,0
58.66712785996519,1.339156979977243,91.18576090740144,6439.038381732987,0
60.805477139983886,0.3621811468177284,100.09352325331895,18178.700935645753,0
74.97160744053764,5.598247295665957,106.7828148519234,5754.667663321867,0
71.42425736070565,2.0033311888428136,110.45246752789876,13876.226077429723,0
76.90485354067768,5.72838216810565,96.1155430691012,3501.1114978226533,1
65.72747353663466,2.0731071090433577,99.69049386335769,2105.0290215334535,0
71.58539691076714,3.2097435355319592,99.16649957278844,3112.691286126825,0
76.25590393967337,1.1554927362996619,94.9177580010789,10589.10533232308,0
66.90653460279762,1.1805571538012498,105.88599623808496,16890.820810183934,0
74.56775237557412,1.918648346975389,102.90278597298581,19985.594503458116,0
63.380740589333485,5.694239408749301,101.13458540095685,12453.66087655561,0
66.36946153434928,0.8999132322355164,102.8664435135674,10672.070636943326,0
66.18262106001671,0.26868662712518343,104.92360998365987,15737.651809303452,0
58.041603544109606,4.0237863159248555,104.8434961530431,1274.8840510911764,0
74.86972480785582,3.349584547952547,93.29208035102513,16187.944706918797,0
65.30597659797276,1.402672236652896,107.17062838994357,15167.590819836543,0
70.12494118727687,7.188877536229783,102.04292894144447,10590.830522099091,1
74.80746658905909,7.393871381575877,96.52307044015788,459.7395149280015,0
74.46531176029944,0.3337097751907179,101.87383753156936,4043.9396104932835,0
76.65385108972787,1.1322582858078256,102.75581981380043,7394.251988086229,0
69.01514515490577,1.9080091309296905,108.654269337313,18824.44451857891,0
65.76701687955847,2.6582625475821575,91.63075497211855,12769.776483800953,0
69.202817890936,2.3761028564934135,110.59987482923354,10201.852264976535,0
53.1266556604197,1.9975656494937386,100.18533085047862,9768.528408116295,0
55.528875275769124,0.7787744440315284,95.95077399401121,15599.514632382992,0
56.773003876455974,2.9014718880548735,95.70593520114292,6472.604779292166,0
60.027531723985184,3.0197853643448136,91.98905793325936,1890.4960757028655,0
73.99774226723437,3.8310230265575145,86.07268092994606,13540.866155795411,1
60.94520944639939,0.678539892749007,105.41919904287363,6580.320158078219,0
66.21837445960611,1.6786792867954785,115.84709120337571,6511.856739635131,0
82.99228297786065,1.3467232023633382,87.05907720931347,9094.304721882594,0
66.43736028938574,0.6662258488988773,92.39657667255713,4854.680434706973,0
77.37515568467086,1.6576501661743548,106.01266551316266,18434.05059614254,0
60.66382319990123,0.8159320933807596,99.63490473062862,16939.408443449956,0
67.9456244213237,0.5621968678358469,106.6753539382012,19821.76661946123,0
60.49977945089419,3.379883783636191,99.18623581480931,19290.97591861325,0
66.60966924099438,1.396483802872556,95.35498000586898,6289.106904271018,0
78.40308137457396,1.085268351274792,98.19326311461495,7611.959173615704,0
52.726795768076514,4.485220702192078,80.9432846219523,13965.159806001457,0
74.34423643545857,3.08415612563379,90.85212523481228,316.9180510646363,0
72.37735602332278,0.23453362337937306,107.58623499374961,19877.777707775716,0
64.05850044303206,2.6709398122464525,109.53519875343076,216.86164132233012,0
55.539421456115456,2.661744031642732,111.24932844073852,10629.718502046226,0
70.72129507713869,1.603092485320768,103.52695477158426,13374.006242607407,0
64.70507290936197,1.55487387301949,81.95144900570983,18282.926159102724,1
72.32676211354703,0.4115493680625993,94.91994776650287,12882.7264155622,0
70.21852145523442,7.134694954852083,110.59724541238906,11939.375994068023,1
86.01778891320916,1.6525526094301612,112.98443390946842,6007.185983006145,0
67.60644372526976,2.5667109100462464,110.90118194405795,11818.427899240727,0
59.76502507378135,1.7260132014525835,98.1099802818416,14994.030259845487,0
71.79275634956316,1.101042665852542,89.54739306740348,10311.833579103515,0
72.19996683971765,3.5633535145235333,99.67494728033215,15592.70596574249,1
83.59187575240436,2.2257214473410447,100.1184561458421,1392.260937483696,0
78.35111245914578,1.6636909439914342,112.52451856073162,6707.5490199918895,0
73.56871059149509,2.5466969032433884,101.82233040097769,19196.278681280794,0
84.63302891219561,1.8533733606779106,100.13344943104617,6468.888261312558,0
58.11236945677149,5.98940242868676,100.58796118514768,12437.106036311716,0
63.60248467250252,3.47969108442773,103.1988706381015,10397.695153336335,0
60.73424058594475,2.853618770395251,105.01152068849255,18732.480266454295,1
66.10190196844232,0.46734543752428476,94.20370052785603,3255.4375281210437,0
56.23313852443691,2.924962708168222,91.53903684299544,5987.761990195184,0
76.35150946814404,2.873247724095958,110.96446817123758,17247.54610861722,0
67.77777302901227,0.8295334130953352,86.87166964451453,13324.05089546397,0
55.29193705497342,0.45589396681255484,113.10197967363818,10860.987213380995,0
59.844209187924584,3.380806233931954,84.71457042197041,7898.007839823771,0
73.13513847450196,3.6790361627480217,95.32367093735184,8226.308660410203,0
78.3812656789438,1.1858015752176716,107.77483176466758,18698.453655290024,0
89.96730891691786,1.1406420710237941,100.00273511262618,13421.512090676237,0
99.1386246600733,2.1971767394632344,89.46818556990527,18581.967728302734,1
74.14409433275996,1.3927540026716378,103.41142523300798,19443.722175759864,0
60.10461879968136,0.44514604770841104,100.53603473440386,10940.160122063899,0
48.67953719268691,0.8208148382888898,98.27161369246417,12197.778904626251,0
72.67711462343836,2.4988671743789284,95.00862167373674,13127.29858142133,0
61.87058904689674,0.8642671981014836,99.7231520037552,16783.380057597045,0
65.84642739820315,3.8078540445547024,95.34462710438116,13181.434252126022,0
63.87903200940192,2.840182537525075,119.47626135079327,2292.9484436486036,0
68.59209113583614,2.5723734962653597,98.07986278546582,18848.60219108333,0
80.65980230787643,2.16290589883828,97.00994436944711,13218.687169072671,0
71.57048567445345,1.0583526186734942,95.66691083609768,17398.345435790838,0
68.41365162961311,3.121558261772881,114.21560674270555,8494.754915639362,0
59.643462471741884,1.032159665517739,86.88746497683547,9494.327157812348,0
53.25317055295643,3.954956695666392,102.87545937519535,13777.127054450673,0
65.13692090926669,5.376268298493459,98.08568022498876,15528.079726640968,1
69.4621744918168,2.21588447887526,88.61279916286391,1569.1741996409946,0
87.67929913579883,4.90790557352237,93.44738937709508,8146.856670520886,0
71.30274521472886,0.8314280811106397,102.53563195124666,15397.12760587678,0
79.82739511023058,2.86299141844223,93.0848542427513,19844.718602926216,0
65.00704401460848,1.9593336715845722,102.07651142576034,232.84902392506578,0
58.150562335829754,3.421405293426544,113.83322582949081,5296.1645488346985,0
60.34883237767628,0.25192419845969233,101.36480541773868,9296.971638076138,0
62.74773935464247,3.2807852209485113,88.37190017180403,4458.834035365584,0
91.28469732435164,1.1473257354921451,93.22562990522488,538.443971153062,0
61.78613320775614,2.0338033380062273,97.71675409003791,10790.86048210683,0
78.38489203736344,7.054579235993855,97.18211904804272,12987.972180793293,1
60.97072821912974,2.9316700858203437,101.21611076092735,8321.241219962263,0
79.31573012874244,2.6626138354722846,102.49954353662453,7397.561593766786,0
73.84950966105863,2.5084244034668814,113.84422364095087,19712.2112035897,1
68.4336210234191,4.240237370066308,99.97024267929685,9550.570464403387,0
69.59237473864566,3.5033396689108023,90.78244442499272,15961.389064833771,0
63.452123045706095,2.5287026756453432,109.23044904198854,5743.483443916042,0
74.4607220148208,2.3057408013078833,110.1041966142482,16603.765061436643,0
65.4501651965922,2.193766105169949,101.85954475204775,16473.99378399794,0
57.743942362327516,1.8780150134081952,98.02884483832831,5354.042428860466,0
57.22062425680381,0.6675300089281894,104.98037122039248,13117.099042834108,0
71.72587917722119,2.8872178868700784,98.31136149056375,13640.299533747017,0
85.79091256410435,1.2464087821719483,83.55432856978013,8852.310578874354,0
71.59991613573439,1.706524762095463,104.50779426377973,15475.601257548773,1
68.81361673890117,3.668737771187874,107.13801181579662,6137.705223939784,0
72.85826139602543,1.9121324499463812,111.52869784303464,9685.436782352315,0
83.06001741706825,1.7997533295485235,94.15393245637948,19803.03411659581,0
72.19382501363856,2.2208730734107736,101.80932252689018,3573.513433059987,0
65.89072769166263,1.5389816867149249,101.98239646282386,2955.6544403449834,0
81.06288710059889,6.955100667698193,100.68306047763052,2843.973747937938,1
74.28756438461613,6.334227963357764,100.91884830628972,19962.185436691434,1
85.35755991995993,6.225341619227908,100.29708812301573,3198.2655318719044,1
71.83234437221905,2.5144936153665762,101.69399521266253,3804.7847366388132,0
57.755309682795,1.1806439465639924,105.92544827196282,13895.731708148449,0
56.318408007543354,3.737166277403725,109.76230019667453,15189.932496097827,0
86.5092793223125,1.548497312707973,93.94934063445089,10541.226109323261,0
87.23665720783296,3.9651974274932824,98.62158916169454,19653.382383352367,1
68.204807867174,1.1342681158631613,96.61913504089874,778.1776064248746,0
66.16812678864012,2.6471450944706585,95.47462114239953,12416.417380975656,0
84.61444292242203,4.352490732561404,87.0717486775518,12129.386388032342,1
58.92954317956512,1.6181557274739384,100.1937796468237,6424.8957457281695,0
61.05272981044173,1.613537502082148,103.8345629563623,17988.809401556955,0
76.43326794689044,0.5065179711240708,98.75920198480902,11057.634122101737,0
66.05394877140411,1.164261434368269,99.92833682882332,4926.805363164295,0
69.94878133279929,2.47893510925563,103.34749542327305,1767.1703240148463,0
68.36557101475488,2.7571185199837553,111.28895756130905,2142.377870763521,0
73.37574548798933,3.049892042430771,96.64188376381571,17946.58492540039,0
84.07481861313717,0.3233533281282333,90.62710308532888,5006.175246768323,0
70.90584906901745,1.5544188670344725,99.27647882405108,18140.106032234857,0
76.43938793276858,0.5705421764776314,115.06849010695956,2402.3581759798353,0
49.49827898968977,2.3888127249927567,90.7127955325729,19678.705140199087,0
69.51281598069882,0.4121987610589505,105.20108556464227,16666.98141724619,0
61.56769729707129,0.7458537395987368,109.26330583428091,2324.574831940289,0
57.81186939576372,3.461847795601838,81.07572624484592,1721.130056326814,0
61.21847633071249,1.280365923823718,103.28178018886788,16068.743648430333,0
66.65876559299188,4.935891659552562,104.82728509658476,1561.3251057935695,0
79.15902542356014,3.1065318200623566,97.86131838896117,5243.619713495195,0
56.736072822604356,1.6253623109317517,94.82849151128227,16024.996185335414,0
70.30631492594418,3.845351699491781,95.27470117980816,18151.600246966485,0
65.15830566666422,1.7362275301218806,97.37145203299502,15353.041165173741,0
66.72326905638039,3.3259168778762658,97.58323174649779,17797.856415057402,0
80.02757825304604,1.1158642616839698,96.07378365794587,11197.76626074854,0
75.38115437003925,3.9993128922782706,97.24419797854043,15592.223240990164,0
83.37398107442743,0.45568333537934014,109.52633459077302,6883.7265697884795,0
68.45494320750099,0.7448110050762892,90.28456976867892,15704.281379920307,0
63.04057388329297,0.8698978866851593,86.00753261382728,13594.818148489743,0
67.761411831195,1.2189572661529626,109.65428085787453,11496.601273181202,0
72.42496791271222,2.5436404831494297,98.46385792527535,19846.026413645,0
71.76573358453712,1.9910782551049255,96.89414166013971,9395.590497496823,0
59.156119277666335,3.3526215531352586,99.11026301013865,12384.94475141103,1
70.90489781627875,4.393580551586675,101.67421360623301,10198.113737276944,0
72.28228330138906,0.40306708290615834,95.80759018305308,5210.226791519161,0
95.17474037533921,4.754409450574287,104.04744902117842,6607.309619334509,0
88.7684461128167,1.7063460384256701,92.30189940952883,19575.715359118818,1
61.4675664944118,6.145989306616811,97.58539057720651,7842.209160294138,0
67.12616638450824,1.0735621723021764,82.28242995772197,13588.1253487349,1
55.36557998162997,0.2824793331419231,109.3778970789102,11341.945273374286,0
64.09292986036513,3.1312150331322735,98.59129842752296,17796.10543619027,0
73.1560500359034,2.9952140618520993,105.36083273389727,15153.801561260096,0
82.05853620888233,0.7637221596087288,103.81259667412999,1613.0281199971441,0
62.70916162256391,0.8376729996050931,104.39851024297057,7108.837428774879,0
63.45853559932203,3.528293742703332,99.93779577140523,14238.270855156177,0
48.52710970261345,2.632993342290162,103.1058191419134,3227.136160234012,0
68.37334079455093,1.57408012278911,92.30972469910445,10068.783631195394,0
59.37585588140437,2.8272140547451627,90.63057155016214,6355.380966577353,0
64.70560572633926,2.4466767318021154,99.19115253195797,1295.0845958700597,0
61.23139221832412,0.9215040845090257,94.56178895683388,19942.92175677248,0
69.05737445747442,3.712141930800946,111.40371338599542,18587.291990182926,1
52.42271608643369,3.2291833738374187,103.00115543445688,14950.523086166519,0
55.3295475460901,2.025678832150383,94.26814887903569,4020.516705066919,0
91.29247112028298,3.5298940189151033,97.82767649195536,19770.523871789403,1
57.125774187259694,6.653901628631396,101.0640526559048,12615.845659320426,0
59.032144215453606,0.8284806414297667,99.45597635080867,19321.50875734588,0
88.36913528321314,1.631069483134268,102.17396826347412,851.5781458373883,0
99.05067169240407,1.695556893422051,100.54923635569847,3469.4143467034187,0
58.284333711746584,3.4764817197208107,88.87474601223936,13544.93770423159,0
66.31751043211969,1.206277302080857,82.79276345996871,18143.59422291347,0
73.4155555094051,3.342743222541347,97.01112764086407,3515.6442558562053,0
87.28697644405592,1.3293135713736774,104.48394164078685,6341.964792502495,0
60.131429215717624,0.7415081328856474,97.10104772349136,11763.546630171799,0
67.5472215405789,2.1171120400851864,109.89251290724181,19993.22040312463,0
77.77337576061744,1.305356707266346,99.62490640560881,15993.3017356616,0
74.34766074466619,2.2769729822943243,110.85756851401582,18471.255579657824,0
66.23843928769901,2.690343482375973,109.21522751411445,13500.250691954852,0
68.66177035483959,0.4365446367162461,108.41029492139573,17547.425413333043,0
56.25104191630018,1.433036449716012,90.371906926344,10140.900646341133,0
67.61826256025334,2.1184237894206084,100.13712534378561,2483.172698843843,0
67.33612509991045,3.540332220732137,109.78218789985851,14191.148384629922,0
72.32169889626256,3.2458181047788965,102.17875779806431,12029.498447997916,0
64.44672781180984,0.9931130685766532,104.43487923999174,9707.001282297175,0
74.71538522545139,1.7616918409127633,88.89690155907503,5499.818310355462,0
80.12715817819829,2.7913280266113243,115.35031944486454,15684.06024384715,0
71.55429327668466,1.6676118677850693,93.66900477947667,16408.20162832975,0
73.51756408399203,1.0800304088647867,84.04459886599842,7283.712548701968,0
70.53155347577868,1.9334389254124702,97.19099409739947,18555.331191891186,0
70.00084393091414,2.605870283026796,80.42012918783146,7394.833887372203,0
62.78441966457152,0.9098578474451473,91.31899884167066,2151.249896255649,0
73.16494261673309,3.0086692185688215,120.46809466483556,3330.567350211582,0
69.0271340158651,2.2124862121875313,96.95967377997424,9890.309408178344,0
90.93168308930595,3.085816534010732,88.57770265616168,1597.2598670227378,0
85.73354902475242,1.9007409447619144,100.20238309252895,14368.250880266809,0
73.85846552556501,6.004800991115775,92.8175700397442,15901.917105956847,1
62.369427903052326,2.56972616025503,106.91615359739144,10989.366653906229,0
58.87588528016582,3.3326266232098596,92.88364176491167,17866.969059604184,0
81.91142953088865,3.0001064227053744,102.16586968108128,19085.729334925036,1
72.62749225147138,1.7438774740929712,90.82352770502033,8951.621754213162,0
74.80143403391611,2.406307783531769,120.79222515832443,1782.543364462037,0
52.55414013025808,1.2302126234736206,104.02898976021851,4625.282192841471,0
79.27438481558181,5.720742843282921,98.83595362014026,13152.320874269819,0
74.54420338214364,2.776298784000035,97.65633399494972,8115.687660996043,0
58.89569315585522,1.0253902450957535,95.57120013400508,13700.187882992886,0
65.28475192550052,4.880124650606084,93.91269216153987,13334.703723055778,0
72.6371720435652,1.8135017139473508,93.6928261905505,12107.362732234275,0
70.52466798356244,3.6606463231749347,113.42663080369562,3156.651337979679,0
67.07828814196445,0.4238967316689618,95.5790883382301,5718.305921142454,0
68.9651173193404,4.297583581971221,82.96464874689264,7557.232530916244,0
67.48022621793115,2.6957740901764553,90.67225823296084,16488.359798631784,0
71.52562512102469,0.9550387486604354,107.4217969599931,13644.456735269327,0
84.71491972993157,2.6623702603753148,97.9814075472693,12898.685320054981,0
44.333415590687025,5.346288457817054,98.92734719890903,13442.746894219455,0
67.63149735490316,1.2609065326454343,109.35851561135274,10064.041629027925,0
71.76512421372448,1.2469628379500979,93.78266728662157,792.6343093612686,0
72.95993989687099,1.7235031956432592,105.05934177704724,4022.4137499792346,0
66.2808541867871,2.1036332014856565,94.65693480169926,2806.0431160080257,0
52.43278217521417,3.825567001515001,104.60701309401867,1279.9332878742132,0
73.27995483714109,2.802843370555818,96.87091799384274,6389.5329596659685,0
87.27350214164184,1.7223484447121666,98.06760660115448,15754.603833926967,0
54.66138595083862,2.4816670665130522,106.56106926009022,2302.6360728760874,0
78.63828013698188,5.926180054850466,105.98419846146,2228.4503416384373,1
66.71474776877106,3.149309468849776,98.67657611676333,2485.2803838303485,0
69.38675654171152,1.8668057140476348,96.22701064004171,5396.433825128824,0
59.47101489296051,1.6834518331907733,112.79318067585324,4044.142760952474,0
66.65543827644123,2.3769484560658376,104.71464649198376,279.22232947187763,0
83.00044594698959,3.793782303985121,96.87086553073692,5530.0462716870925,0
75.82655241987707,1.117448389123941,94.77532509368196,19925.88929312234,0
87.32311605409944,3.447941611981624,108.19918005553711,6729.728857118577,0
81.77411888977693,1.838464440992461,100.92320068842527,4225.1806394764535,0
74.39086678929576,2.04931427363074,98.69157603899131,9914.278589843438,0
87.43934526167791,9.058488876258906,100.91980140450075,4587.369284989538,1
74.38993158738299,3.2121219985342138,102.70237499709593,11192.90402641426,1
78.2798817679706,1.3389222723681595,99.54648682055382,8013.1169280166,0
67.03429046465291,2.690249174216431,109.62949493474396,17936.826365588986,0
70.66545815859205,3.922955932957729,110.0747078096959,18558.38524426501,1
63.025761766997235,3.2364570357001243,104.25510495361439,14261.225160532931,0
79.89583934594853,0.22768714491484499,110.99775192396501,4313.884954804727,0
58.21696376885134,1.986631503416837,100.06797414510578,9477.970957468966,0
77.82350342417661,2.7738263682343742,105.52264804003693,6108.463340814949,0
68.0934894249484,2.61835561799544,108.03565055097553,15965.54938219746,0
81.71247093467319,1.4276230690482308,108.15230624013287,583.4821830740644,0
77.5086898873126,3.2747027903250543,107.32799318190675,13249.833886896571,0
88.20646157646802,4.309938962132889,105.04951355265348,6464.536522882551,1
77.30774691138645,0.45141257241282456,115.6570249251047,9620.091648967635,0
54.279597443467594,0.4080394556822312,95.68243371787607,6459.899425781319,0
69.33046827101799,2.6734838192116497,98.75823369951831,7295.800545167282,0
58.27992807405184,3.461651091787328,98.28391618679893,13487.252775856941,0
64.81720157633725,1.2653165142451808,97.05546284188952,11909.886668595007,0
85.11228433276722,0.24488059923280991,84.08982365268051,4881.784913896729,0
76.37533810897696,2.011462581730376,110.99891844566598,872.7525629525456,0
63.01069571421254,2.64624502612659,91.79167632762977,17120.436197061408,0
59.86282633559601,1.6177956248957845,101.35851926996878,9846.133632470606,0
70.3278209287626,3.988605343959394,88.62511057860091,12374.604484983667,0
57.83439850618872,2.5334653379281282,104.9657258457579,9769.985449279155,0
63.28859722603419,1.15605057336711,93.71683171247841,12378.804138661199,0
73.12009471551244,1.2572654679900224,90.91230460712754,12539.449435971459,0
81.55312036106696,2.0440931563252223,101.55474771585365,300.81073508808174,0
76.0876147222444,1.533497982385003,94.39412335613898,10665.18233199217,0
47.087104914019,0.38032978062485717,95.40672723130902,10042.159378081327,0
73.0436672903026,2.380583747664551,101.37431692159697,1916.3503257811287,0
70.72033573232578,1.2844813832291744,106.39991562907534,14917.637219926115,0
74.13890285372693,1.4675102385380232,93.45279609702631,4717.187390875486,0
86.16209681651208,0.8217754194960174,92.070460208068,1090.5069550796932,0
49.36761723195257,5.43785388103309,100.1878693334582,16063.179481668187,0
64.08896574808894,3.082492172839402,104.31402064206466,17302.63502624551,0
75.90906322793354,6.322849637009874,111.702041534885,4813.895126300527,1
54.184056005460576,1.6115066245270866,91.42936321365039,13750.910339007156,0
84.75949048053509,3.2042937074745677,97.45626318983696,99.01348124993659,0
73.68356612700659,2.4105936825916143,109.40628820060203,14422.999167646096,0
78.46583985843404,1.194034302949917,115.78475628910975,9296.408868812874,1
64.29056338478206,1.5987031088171235,92.05527200552997,15849.662129365988,0
78.13763689966211,3.078543723657915,94.0895046415468,7860.679453318536,0
80.68471555989038,0.8207060105053265,103.04880075687888,7021.514550415633,0
72.32878020137169,4.0151278282080884,95.3780548624553,16815.697502749415,1
72.34400892698696,2.2695848394419436,93.92614596392038,772.9339583033191,0
72.70343239281726,3.6666843837639753,101.95576485095125,3743.2997375283385,0
61.36654735260618,2.6536621667736284,112.39535962991822,8242.577377751713,0
68.52471319759647,0.45516792471141276,89.52414163920491,11926.763227828807,0
68.47477467547641,1.987769363259317,111.9866728622361,102.25026234080615,0
73.83393864353495,4.073494239757966,95.40184625133689,11502.953893347492,0
79.99824246910295,2.2453425014710775,102.76633537006559,7569.850792676009,0
59.41463918021591,2.0260624832158536,112.72680576881488,12600.040873999267,0
68.74990969680422,2.2437473668331855,102.6025887384169,18139.47679178459,1
84.81455547658973,0.3481534246503629,97.6200716144065,8817.440232532,0
62.56411771187436,4.356101151755009,105.74540498155791,11091.572865991431,0
61.7774998270968,0.17378376514687668,98.61467038134047,9255.798369857144,0
72.02306191831194,4.963791591408586,104.17080839675691,2370.4400642321357,0
78.4438519048532,1.5231625476615143,98.36255201297745,15862.259754942406,0
70.11426055560659,2.7856270868139337,106.8892231759123,17703.914411475824,0
83.28960590436989,0.31485565416665745,88.84614645959827,16229.331625669593,1
78.56793982566526,3.436180993836726,91.8918270072506,18951.9314870415,1
78.41820066890062,3.0470340441181514,88.72857260105643,9360.570355937687,1
75.54116501324093,2.920018253458781,99.54856456642928,13046.435110054777,0
93.27653100346085,0.29842658143982465,87.76369424952183,3366.832099762156,0
67.94838311133955,1.0627386249482202,94.46534739946544,19536.16242360522,0
49.964777079334866,2.6635722640119863,91.13993116344953,11611.080997479388,0
86.04254361517141,4.2777758337943474,111.8374098363106,5233.262162017591,1
65.42300569043175,0.9300721856992469,92.07455718259328,16107.485567377651,0
71.07880444343033,0.9530915580200162,89.70763437661326,11729.8223441713,0
83.09550684860527,2.5410840590134582,101.98670827012616,18993.499639376485,1
53.977404589410746,8.543754881061725,113.49456923649328,15399.5475809729,1
57.48352785893861,1.211807896590601,99.07146336603452,17545.29646422394,0
53.987220628811464,1.508601537630821,99.69024554818348,10933.0001775067,0
62.05863709974576,1.3362970113815091,110.32605968862781,10346.168506908942,0
74.39636606016994,1.8417272721846967,107.02583470573157,15146.529424213431,1
75.2418784281277,4.504581171628552,103.40331987689514,2100.2795099071036,0
72.76274179328554,1.916980297969537,95.34127417279845,1080.6318296712525,0
55.872341161076335,9.073299666730604,103.64766325029291,19674.044921427143,1
46.898965633673555,2.186391917049405,89.11372723717851,18325.910574135516,0
70.54353585390382,4.794468939448675,95.01059560485922,19113.218824898137,1
65.28223966361664,1.5990743664162628,111.451701207642,1247.2812699279157,0
74.59385771716612,0.6694551194493776,110.41594147792897,5386.028238200977,0
77.0195362622127,1.91458833488485,103.49987759468301,18030.84758388036,0
71.38241432058682,2.9505729463377093,84.56517022898673,1789.5915375226523,0
77.60133085375854,1.0709180575419261,90.3342277761348,9028.690242167955,0
72.29211374115069,4.302265838945134,94.56422057108745,6825.827062235501,0
75.30064705601467,1.3897894209019201,98.62640774929027,17597.00957001206,0
62.95326737130117,0.8220818088496537,89.9967107959523,10361.52264674295,0
68.20388586168542,7.990886315265461,98.02949021134215,5807.483644138076,1
71.96776096656957,1.0229961435519126,114.13836190524285,10486.023515760173,0
78.20528475417419,1.3566544384853971,103.20668701486939,2248.9241122433623,0
66.06258827775427,3.294481750977645,101.75061303168829,14624.054651129281,0
75.21167255732112,1.5559760125990592,91.85955664785209,12366.751089198204,0
67.3416120808462,0.8495848808957112,86.88812170629994,12014.175621218703,0
68.8245783267187,1.249163045977807,90.1744285956557,8756.887060168187,0
78.29519042024073,6.596680242531108,86.56488681567191,5884.883061879816,1
50.06939628945844,3.0242614097762437,100.60028209793207,1307.6130546904285,0
57.035276719252394,3.4480632891767464,103.07108643525888,18940.650082561075,0
55.17814602557179,2.452647699147922,92.27768037744522,8331.07843117803,0
46.66383880151695,2.759067042773492,101.18335471927318,9918.434078977718,0
63.217355598448236,1.4638278187602676,111.75195052985826,7515.335095862028,0
77.49433899727741,2.2352112479606845,115.66157873877789,19757.547013473555,0
67.15115933617426,0.2682907540354879,106.16328280599375,15923.44021237399,0
71.97790081941852,3.899225417532665,98.60127596833325,1915.2044956273828,0
80.89217496710793,1.4531126126229323,105.90483395101005,12163.501294145255,0
83.27686132267692,0.7266092009625706,110.81447986942369,9692.691473048744,0
69.30862065273861,2.330088136457123,83.94217489767553,15867.040704392813,0
83.53585889569398,1.7410556946118052,111.85655230237133,19946.320243137066,1
70.9212665843411,3.8057750563989474,95.6433054352555,14886.13481204824,0
61.62601776172538,1.946789603347262,95.72029636050007,17298.576416099866,0
64.05599647801264,1.2266768381417037,97.16057621931266,10052.710047116303,0
55.19463487434984,1.9825592388391784,102.56067311020604,7471.95980721927,0
61.118661462663475,5.16037945172113,91.10996597040987,12865.593630107285,0
66.41983311925571,3.891548015770168,97.72148772247239,14988.368274721946,0
78.03585019378602,3.0187802361420224,104.20221765198312,4550.678664080609,0
87.20769831165984,4.006008371976331,101.74856999419194,10067.749597195634,0
56.1781848462296,3.1824008743325725,103.04651611489176,2275.819735817304,0
73.9282746825992,0.959126284276562,97.40825030095016,4327.056265584688,0
59.59456060842466,3.4672206378244055,105.54967961970127,17637.177802864608,0
74.74697088463202,4.328802686479379,108.45132897602285,2894.639652614526,0
68.68913349312274,4.492316566397736,107.97151449730168,16226.965036044241,1
51.690941741524696,0.7852481754220866,103.42088186274509,7451.9148650608095,0
79.28296991568484,1.3598904094918816,107.51114086978943,13270.427510875985,0
63.94999287191269,1.1987370810472886,106.96848467291784,18206.527432848103,0
64.66099761626445,1.586889643838793,121.41206325347318,15617.973601655163,0
59.3024758871031,2.80205891443395,109.74453656038966,16518.82239596914,0
63.457167233124444,2.2873196188887404,99.29004690691775,5222.98140206686,0
74.27890440694917,2.2878128087532663,92.70656570122505,7233.492072540999,0
68.10755659063595,0.6006185109160237,97.91087796192711,14655.840410793176,0
73.2866200228248,1.3186045342389086,97.34572115520017,15544.691732425716,0
73.61921853928844,4.713900627765343,104.09138054180694,15801.045352017569,0
83.20661655528167,4.316327497486472,94.3979500384856,14802.159628085765,1
66.57213849135621,1.922063384351262,109.53741737216323,4632.452224850898,0
55.23142183154268,3.4737017492223243,88.88349595283763,5781.73280311856,0
80.67222416571983,2.6262606770400465,86.93979890946866,18840.820151281114,0
66.68511827902745,3.7367737032127155,98.9190719365972,11077.207634906548,0
81.14592444577377,3.578132323300361,93.25952760643591,15089.008025547464,0
73.8337711318247,2.040038946239644,89.93412916812562,11983.913591188431,0
68.68862469796655,3.0317668586319995,94.90344035996127,18490.03730493636,0
73.48775894046295,2.7500642537205344,93.90811336736861,17375.636361926336,0
89.510125601263,2.080686583715408,100.08107464987376,5227.495827112478,0
90.76980529053753,1.7591906114801463,95.03623369348591,17694.189439117774,1
70.69381135132778,6.01701376738728,95.68692513399942,6000.787175606261,0
71.60190593317076,2.082618503335347,99.96107425422966,8819.609028613233,0
80.76240157466385,3.32829420728221,108.1139325658834,17024.67156237806,1
61.543389672326526,5.719846364882129,111.76596372391032,6480.3815067801415,0
73.33070372618255,3.0282617462044255,101.18214049987252,5815.43836374999,1
69.74137152046144,2.934592562514765,101.80434495016416,13373.136987918399,0
73.13908211457553,2.0916275054324767,98.53450386163327,19993.52724827952,0
61.66631194050594,2.7849859823741316,103.84998896047263,2621.139621828963,0
54.104325066910306,1.6473565423526002,103.12175488467311,14021.21293039406,0
49.270165640087086,9.823575483496064,110.6067814647073,10539.107758104366,0
58.826158870103924,0.61456337284314,84.89036296675657,8212.349806174068,0
65.41324715060667,1.8442157384658555,98.12401805030234,14997.174994156321,0
67.06808413351239,3.062912760757661,102.71351895302115,11096.726588192183,0
89.37231162429516,2.936427048673815,99.78972833966311,15956.22296082792,1
81.05993369907299,1.6451441374188682,92.4866157432311,14877.078894981663,0
60.379088836583726,0.4127602439820344,89.60506656607618,19702.379678692563,0
73.47708452450956,0.7170715480211279,106.4505794082309,16217.316970600923,0
65.92921763649674,2.4046903565359554,93.94459319682868,1335.9959485719376,0
67.15636161959905,0.2894114165362211,85.96079606795519,15591.585910882508,1
71.85325649415383,3.213433680478,106.85258288007918,12994.064404159019,0
76.19171116975393,4.560302127873883,103.67186320356852,1795.807004538903,0
66.60741516115985,3.6116459943725046,99.07300722033412,12109.784570361875,0
80.63851532734358,4.104762549402323,92.68358725791177,15016.072011350789,1
58.58061773857596,0.30306801238879955,99.09246845303605,3943.890264887777,0
70.06339062362268,1.6964674854809216,109.72470080415364,8698.232959471534,0
95.97673726595832,0.8940031268865785,87.08240571176961,10849.725764878158,1
72.23079742625275,0.4907124950523541,87.48817906608325,8263.054371916794,0
84.33214506606173,1.4306267583828929,94.97787741670072,17520.096059025484,0
70.91520178173208,5.628071460341186,99.78685050565436,3378.064108471257,0
75.80777095329796,6.649916873521803,96.02966481692975,15431.111051137099,1
69.43216805607308,1.0008285229222178,105.14253260133616,15561.82385076132,0
68.29592418835796,2.1934322890306515,108.71067155558677,8960.599217853185,0
62.205176032745804,2.757251461737931,102.23015019685974,10789.559838019593,0
74.30301358957553,1.7060536999031528,104.48345875004884,3071.2489862590496,0
61.48462810814232,4.778288982475488,102.17679641618938,3903.1514424130796,1
76.65585236313429,1.448360338249609,100.07606472732255,10633.296242042354,0
80.8528700444591,1.2589269005039934,89.65153040148243,4493.615658669832,0
73.6653140723723,1.0482033104126847,91.77606633917898,16129.30769257179,0
67.13751266444308,1.6967075192190013,89.19265218422458,12324.361667640487,0
74.53965579308696,0.09330252847166803,98.81196164031132,1131.5735680880668,0
66.91326944453587,1.7603027254937291,101.85822425003498,7157.533366766167,0
79.35547125465149,2.2936445679281894,88.40590092174898,17168.518627364887,0
51.685939157848765,2.4005982912452226,100.58076037681606,5548.880960672411,0
66.64392631881354,0.8455468064935178,92.99826937391833,14394.357774983457,0
50.09188004876002,2.367290646533492,91.44640525170513,1876.002759920732,0
55.04939169772795,2.331543500921391,94.99720466751432,18610.673078987493,0
83.6386222981391,2.369413100416986,91.03618801323962,8986.913626675874,1
78.95184981971686,3.659406707723533,104.85327294367428,9831.312711834988,0
62.80519766715209,0.8134176313271458,98.65596465560859,11396.602624583391,0
54.97496543959103,1.7219966533597244,106.5217124559007,7268.6467920025,0
40.35471162158349,0.3829312983034232,96.45202918314985,14505.706024035231,0
64.56504492067366,3.430946404329832,96.75451150493052,291.67131412621836,0
94.20415012247403,0.9345068507637176,114.98706112650764,3244.085352897552,0
74.34884271463648,4.0475567504094245,87.01551622655728,3776.4183522025396,1
64.4042771395051,4.143832991393102,110.2758499473576,12706.803678655933,0
74.65080209500306,1.8551772309606278,113.23619230116661,17812.016291509237,0
54.39041647005557,1.7812091563518657,106.126539970092,1272.7948296266645,0
67.02676637302365,0.5618693422253015,97.35623624503181,17049.171999449034,0
70.99477473015739,2.1410907426191574,111.41521657391793,16390.271915050602,0
69.13899348178951,3.6377330957136964,97.42590912088001,1532.5132432395994,0
77.9080612169008,2.5865849628151016,94.35371531431423,2864.5684755783773,0
73.44645226236052,5.162909673362867,96.89385324646669,7000.906484609717,1
76.68326018107997,1.5680974407651358,95.43845008705169,2293.392287101903,0
63.1162771776924,1.566458014853904,92.42701500064334,15165.722702009669,0
78.97815408410548,0.9919707648318801,108.88006267287172,10081.386275289757,0
86.28936947623991,7.458994704123138,93.81241317902573,8215.292165730405,0
60.298504803485876,0.5565800103292661,99.76282408862902,14498.952505195828,0
61.1230434428544,3.460394119615851,88.44982488480957,5857.907461285327,0
83.35784336320233,3.6891217075294334,100.24648545399353,17430.62830229321,1
68.0865601330494,3.582499691836784,90.7525916462181,13079.334773616167,0
84.03821392066557,1.0663036818403195,90.55611341659814,6930.1062409045035,0
65.57464288107816,1.8543708948310509,99.12569671923134,10797.453806430596,0
84.55045576270712,3.124877563680045,108.45577812144748,5188.969521887834,0
71.31485816805453,1.278250109284077,103.52330950191838,19699.614815233363,0
72.58228823322695,1.6591134795482558,104.07296308906207,8712.08653284757,0
85.64718021669904,1.296889307766858,98.96066256016795,17935.483053707518,0
66.3822952255583,2.2506411796910806,97.31487787879585,19560.409145493464,0
60.58877904075042,2.142777534445508,106.32912510795389,10715.84919947799,0
65.51435791971646,5.7773154686170045,95.49458270143359,14599.911401940306,1
74.52333950643138,3.1727544603215803,106.67547323558156,11444.935738824166,0
54.34240927819486,0.692762664514645,109.88757551147248,1831.3526556144354,0
76.37470902651121,0.7469289935874689,93.26890573619379,19048.36105234708,0
64.61228682382257,3.5027516842603883,94.44443603493434,9132.729020305293,0
81.47812660733564,2.1256999163702606,95.63443594868316,17881.26247123059,1
46.05739695099528,7.1732973548670005,88.26429899397269,13112.106918771236,0
62.13434224895831,7.160005139461775,96.24477814692914,2103.8178206823786,0
53.13531848765898,0.986972941040444,110.41159789775604,8341.059419326262,0
61.73770533636048,2.6150902144507193,91.63539566131722,3916.9630939163944,1
72.47665901108942,0.7557173275660688,110.60156886923158,3397.197289751197,0
68.20773374550245,3.4621571830696745,96.53244433637538,14301.774873667882,0
67.46622431051985,6.325406850240591,116.91228509682202,600.3997464292321,1
68.4081512861994,2.3585069823538034,94.54549547747658,19322.811377879585,1
72.03388240619944,1.5245655063232453,98.84814440142273,8998.467518921687,0
59.914639580568924,2.809257418006404,92.71853547846081,9795.153621174637,0
77.06849640899051,3.961751297707967,94.49839381131339,5988.577919423093,0
76.62665970385484,3.9798636159646885,110.70543333486712,1712.3214562485623,0
73.85037937656101,1.5381045032511762,103.79629348111185,11764.853567230095,0
75.56533442751262,1.2519186667074904,108.2305422334196,6895.089970108559,0
72.9641800080866,2.5150393792653287,89.47528559207974,12481.452320888338,0
90.35073302731067,1.6206173763094032,105.23862762526332,11115.396156147075,0
69.1290582894749,4.779447485817324,92.22845346623623,4338.216936187893,0
66.92916781665423,1.6053582579551808,89.30145189573717,9233.07844815257,0
62.46472419642622,2.234602209060313,101.91012911082845,6161.260187791706,0
59.67737329422163,2.759744599909603,101.8283066672913,4794.481624523292,0
57.555282123989244,0.5771448395709948,100.4267662903932,15394.087185938044,0
61.112026867690815,1.3409879075672024,105.74046730102133,238.13183998416588,0
69.29319618347928,6.968335221336331,106.98853054106942,5377.657172502499,1
73.34295128497715,3.848626159682276,111.75783471354961,10621.713673439754,0
70.51142058552162,1.5884273115983343,90.47725601355332,9522.919768609157,0
62.34464722570287,3.471960632508167,112.0161299636018,18803.306538391236,1
79.00184564019963,4.726991477637786,115.05849191756461,16873.14962514488,1
77.39412672300948,1.7882991078712505,97.07015986838373,15032.052543765152,0
68.40351692577983,3.7243394926493867,86.65206653541459,10281.562665407188,0
63.47083855335288,3.370733301321014,88.93200869544705,8578.134647682647,0
75.48427920829799,0.7674067430420295,96.3051889525303,731.3913715759113,0
71.87973587486104,1.7959383578328505,116.11313272245937,16433.364992776376,0
55.518727405849525,5.877931202794136,100.13664000162542,8614.25808324224,0
69.32019744015595,6.839324885116244,95.06252706598549,6419.347834453122,0
72.62035812074382,3.8701920082062204,94.51678193314163,12132.687598885632,0
61.00305213512246,1.3040203242089998,89.41822139995367,15082.756377994854,0
71.89843392837443,0.20497192177362852,106.99660823744313,10461.026410654717,0
55.45177514742211,1.1615702351474746,99.26345004224733,2991.6635095078336,0
83.3618610001217,0.6723691995168193,116.79863607809946,18432.929414080896,0
82.47949985059432,6.164757733830446,105.0256751714116,2256.9897985275934,1
67.47482665697035,0.37266368584257176,106.63949052845817,19391.432629934876,0
73.63454337839073,0.7874399444393789,98.06316135405858,8849.542038613285,0
45.900780342001255,2.47765354560892,91.2717572946121,18932.463884525492,0
58.436523397346676,2.1145496327213182,93.01135215736656,18292.995194758518,0
67.0622107984787,5.687906739921602,89.04602444888735,8125.345309805272,0
59.27866978573141,3.227497386314407,107.28315775854473,16000.50581050801,0
77.14396482630659,1.8983054581616248,96.92067850203291,1795.4506365353118,0
89.97296530747994,4.838165618326162,107.62000431673653,1654.685385436001,1
58.23385280570698,1.5526771094208394,101.0873152184605,7119.132074427123,0
61.62536595914807,5.99444730119465,97.65745315383643,12195.702002863369,0
72.3544836830993,1.0307580019293254,90.6431773202516,186.4213963896999,0
86.11116148499622,2.0569913016720176,102.41306186370142,10303.502500195027,0
57.77625687460097,0.2481369214559232,98.25093586842564,19512.9380749708,0
72.49036122306941,4.007421114009218,107.21747142364337,17168.908572003915,1
88.21298850813109,2.3764728483689703,94.2767145929952,4649.412395044983,0
53.48240851820733,6.0050126293716986,104.92886218797629,10561.375238601498,0
57.18930793154168,1.7457622422219397,113.1267873297803,3428.1753823335603,0
65.76393393539162,0.5685819297061142,102.18044731727775,5265.202947259977,0
64.79411587144588,2.943243977126371,106.28233162193504,18460.016769545495,0
78.12601287753645,1.3738095834717305,104.57512196942064,19955.562695220277,0
72.41659719820838,3.6232865187120096,115.18473187614018,4851.2197623569355,0
52.25037940357872,1.0499091636221451,102.97248337355063,4241.357460157354,0
75.15410402900811,5.311531157992241,105.59967081388407,7677.186486831482,0
64.22461112644349,2.233426082930224,99.70979177187235,8917.128447040901,0
82.74447216941239,1.9039722916789454,93.80489171453793,1784.9733526177624,0
63.7241246356308,5.078307010212942,90.33459451455064,2954.1732787478804,0
63.633847168977645,4.0479033704239304,110.1353925250934,8496.545348472222,0
75.41131610804531,1.179049500228747,91.93312502925968,4708.411361329663,0
77.62926482336937,3.968640826720038,105.96691599826745,16898.695389567947,1
74.48099363936204,3.426090579742705,103.3281330430701,15030.93124285625,0
53.144026826151915,1.987064913586713,107.34228275916585,10726.768617614538,0
75.3803443992825,3.752943299532231,95.88230381933425,8652.586381368028,0
59.65691948325601,5.295844231819374,93.67416068413432,16619.756064279823,0
72.35276111588263,2.031940268195784,103.02697470479806,3319.9068714791238,0
55.7626556460094,2.0371988744653566,97.6612666143399,17747.757177348652,0
74.46322147543063,1.9538475059269298,90.15177330714977,981.5476673712919,0
61.93401095692627,1.1388366212859455,115.50820433872278,18467.889235776584,0
57.17365349739478,2.0159784936432796,93.66873467229964,2776.201047289757,0
77.138201364824,1.8492735843251795,92.05093830411988,16241.980880743376,0
72.41644521676751,1.767161152981132,98.06291385456498,360.90156788560756,0
63.86023198607103,1.7465667342906375,110.02286855326331,16301.563408168462,0
84.51178849021065,0.7854700307722816,82.66611965501107,11681.415462797702,0
65.59347578430257,4.326110534334155,109.35906891660359,380.6850185099253,0
70.32107673970934,1.3392255645629996,92.70821198834957,15484.195190484932,0
72.68913447678601,5.49402583503956,102.11620192086603,2031.1460209497056,0
63.803340658713864,0.9481300775510251,94.5919443062096,10798.108518057963,0
74.7113629339993,6.331090316023714,115.93533483201605,6640.078808743188,0
64.66547652835276,1.6133837245041378,100.99696069313882,15183.365225959773,0
65.88361677783791,4.001547448268356,94.33526759727012,17064.431433453006,0
83.62642639803342,2.359580261461564,97.59126942529848,9285.53402005777,0
59.59413947487567,0.6872212565493435,100.7170965992135,15158.804271139168,0
45.872196690705096,0.7226971199207142,101.42141286209761,18332.498648740995,0
86.10936995011895,1.2483349788501055,103.51009986817057,13784.010749486295,0
95.49327952607003,1.541454503591791,99.98876313854149,6439.809721883036,1
65.94730734550669,2.0809358525815806,88.98270066713027,9266.241591114022,0
50.63161959379815,2.740562326985516,97.27785863278672,4599.954802679334,0
66.89516023804056,1.879789833889443,104.85326699872687,9168.166792184182,0
67.13777050159331,2.6361072896867834,94.640937548968,4917.809581149959,0
68.10076158977743,2.952228875036392,105.38225023758702,16144.994497149177,1
58.866119580781515,1.8159070389564138,100.25374506366248,12198.34854527617,0
75.79561142476477,3.38732700387486,98.25807874586808,12664.91971438933,0
75.24507375286086,3.922543993514793,109.55315114031674,2205.265769416949,0
55.05594380180693,3.005937626456861,86.09494844492575,29.206150973037914,0
76.99196731694887,3.1275567624745917,94.5974328138828,15783.732697951056,0
90.5268498194589,2.469150394252314,109.8594296774302,10846.128314565512,0
71.7196033243706,4.582275490408475,114.64039330522827,18631.0674968297,1
66.62674837931493,2.1172366799020517,118.2879398773736,10744.784779792171,0
68.57996785592479,1.2672710441304142,100.40284424270644,4293.570486292766,0
76.15256766968561,2.1645946265840843,103.66317903692435,13969.531705126732,0
52.69328394492781,0.6987299642536208,106.53942261788534,14019.659606255118,0
71.64390702977302,0.6203595001561472,110.20060217726628,1310.6520832110102,0
66.0953605053719,3.935340078101725,102.50473547739809,13873.017946420943,0
88.47825012956045,5.5530839426159835,107.40919138756854,4250.564450488401,1
68.25827266195041,1.6534694746790475,103.67819040355617,5090.412315717183,0
86.6788761111952,3.9610061870786657,104.177791535267,628.2939251156128,0
58.96259302217993,0.32393695380682386,92.65304610479936,12547.444455457333,0
75.87259166802792,3.0126201169865885,97.36629024499021,14634.587869310157,0
73.19400263791229,2.123655938408901,95.81784641537745,4609.833263010064,0
61.30952752135218,6.156263638028774,90.48883637137183,15850.778643061525,0
71.7739611463694,1.9055285887655553,86.78715820631268,15240.62572281316,0
82.125188368316,0.8865125239241588,96.61098001126281,8195.324163389012,0
66.762082957134,0.5386943544193837,97.88894138850992,1364.5032441122805,0
53.08037350830237,2.16334166460994,100.84029660822273,5603.706549453557,0
69.82437173522554,2.4655697193621386,104.44590272672113,3308.582978581964,0
60.975769052074874,1.8174728624349938,101.50497794884657,19176.364742543636,0
66.57659061336118,4.021339168233792,97.9447105797554,16354.885283592253,0
69.1841223031488,5.161139221375435,92.678989473785,1567.529428484209,0
52.94347783984483,1.6393022569249636,107.01655278000975,10269.200584855129,0
53.84341660679322,0.3938405842964597,99.18542226168479,5337.726591514595,0
74.82066835525525,2.6471082043350123,96.52968163994473,642.3595301441765,0
64.7728130383032,4.643865259586606,98.50836574069385,6446.025417783405,0
44.35255658179433,1.6450568953485951,94.13804522116234,2551.7058762798615,0
77.84844036608135,3.1271762917763892,95.75460861271115,4454.640419599309,0
72.7236975527424,0.8289085453526216,95.5003334936785,6530.809238570385,0
62.86125175963516,2.601214485101616,97.70130065599625,8177.809002956736,0
56.83169788941758,3.167363677718627,105.24603965454472,9368.84906386624,0
78.35807896314337,2.6539753966141846,103.25689654832486,10403.945427327788,0
73.49350622560429,7.227598700881599,112.37389925824627,7400.015288866253,1
93.82602282684073,5.5087435321430736,109.69383273689607,9966.99181918454,1
74.20188598724937,3.5290114398920673,115.6513741858766,8357.169188372407,0
73.87703141262014,4.3547322762821885,104.47326783736663,19288.77955193908,1
68.33072069891435,2.5881996121160227,104.34484177898824,1352.8174119107096,0
78.1677586720079,2.0542496516208884,96.10067377890292,11719.026808970986,1
76.25085201248153,1.509879089751153,106.60811917996399,3872.9434276115794,0
82.51725008565195,0.8127756420805695,94.75106455965529,7508.757065092249,0
64.78677081362716,5.677510592056461,88.23635580494738,10929.31619773828,0
65.64592527056038,7.411443630355718,112.21058713798203,15196.188948453766,0
65.2089682908802,2.202081994815479,90.00654724293862,19554.62223577352,1
77.9080172117899,2.230316613504682,103.5108143167648,9872.43326308074,0
84.98374440296732,3.259855273602542,92.9573490173331,5139.582319420564,0
65.411595068507,1.9121551524906137,109.01334098233467,15831.504362673528,0
65.75226272206909,0.9094263398936877,110.10359988616557,4431.448996947464,0
73.14077223869799,0.679043692328066,104.2334224593855,10156.813444355372,0
67.54238499987099,7.24239426121147,109.97091767580959,16934.22595299126,1
79.5205365313989,0.4570446622238104,100.05869660664898,8075.970179215382,0
47.482227093809534,2.7265340841013104,117.87339744660841,11139.555332669497,0
61.73294953083105,0.521038410177134,105.96932186794326,2391.000381474904,0
62.17583666038554,1.9845219934873495,92.79558752301045,1119.355469458554,0
46.79643987613855,1.632790665265994,100.55685366995311,19725.649414664404,0
60.363615556311956,0.6092055011649061,98.77998379027946,3577.9138421588686,0
60.84843884154074,3.3392511107772593,97.99660753249871,6710.980739104968,0
67.98895345481169,0.8532430121426537,86.74288617680634,10093.697743483672,0
81.12965891660264,0.5323848269607345,103.09491635554768,7489.4321639481705,0
67.54939348809297,3.5969124106633434,88.91397616847559,1946.7812004833718,0
59.691862797288465,1.638472698971486,79.79674175582093,3938.2824779660596,0
69.43045458786472,1.1543319858626957,97.24789087101357,9868.953358066186,0
80.49173621441349,3.74978351654667,93.95285077286209,8776.031516241788,0
60.24041183885095,0.8144144142146184,93.10770389891557,15963.87687551158,0
60.894251160785515,0.4056537851359764,75.17523239707583,6235.7591450659065,0
75.58548959274223,4.934302252069788,93.19325699237561,18806.30240453603,1
67.78463884269199,6.591743005468292,98.61086507861837,5656.20714300344,0
76.47484690709474,1.9447782268108689,94.92676847923126,6625.973155426095,0
69.86353208204703,1.9250662825295144,103.09874941002666,18986.26658499334,0
77.01663648089567,3.897623375709668,111.1412851878045,16809.667553229367,0
59.64921885959359,4.607454843635607,104.1309395220414,6339.359317666029,0
69.87915349211733,0.900570022748211,108.21115435281588,7905.693822023376,0
67.89309985636844,1.7020302175854665,108.87301351718759,16845.20550638132,0
57.84109075895869,2.575459263950579,91.8491138634663,1721.7886842768305,0
54.36522052131312,3.744893631887515,103.51291754148956,5893.526221142011,0
76.85749035274662,3.4761353185988715,107.96125882692372,10631.12195725081,0
66.49047617782021,3.0989280908752765,96.51231617561217,16578.08353784599,0
59.7771971835267,4.599443099304112,93.67498679975768,11292.333480397454,0
69.03821063076668,2.051948679108019,104.24325167373155,9795.576944947641,0
81.28018857349302,5.7118166617363455,88.14696902569857,19242.351373063284,1
47.19262154628077,1.376432548727022,91.29596333546965,2328.207883018496,0
55.03361310096673,3.5139246521650622,94.66594921933253,15601.318513639444,0
60.771135581047325,1.5416497484076368,103.60411370504566,2540.697150506539,0
84.61178866720329,1.9665575492529892,101.75130017244531,14656.548794078639,0
72.82586982919297,2.206646260658381,108.25896703641706,10861.792371254433,0
77.67317240461227,1.4729878407159906,92.62503956509265,5292.924215411547,0
58.59839080873769,4.734788667389511,92.19621622985993,10866.741744835115,0
58.80464124729474,1.6018373511249082,104.19129574999731,17588.321741059175,0
74.4781371672271,2.1232247823307433,93.61066476714372,9443.673441135514,0
70.58274330935447,3.233695077629157,95.17196867604463,131.57131725579418,0
75.48738818864126,9.309090853921814,85.14588128598601,1132.1121613250095,1
68.12329009071547,3.3163845117117567,102.3267680113087,12652.73954892583,0
72.78143726454627,2.2645105008476687,112.33032377452935,13558.631238415051,0
71.5811908490511,0.3345599748750317,91.76568866959695,8035.497755254508,0
77.77767389084926,1.9269841384908286,108.1736288937609,4855.607742793662,0
78.0700828194447,1.2697026525718094,99.52481135208039,14319.331764713474,0
53.801280056082305,1.6844818742837548,85.87668289271976,6083.223490798986,0
47.52731444659145,1.516210493840637,92.84218515497497,1480.2317167527247,0
80.01745397651507,3.211159922319265,92.34826133756982,8192.210790075058,0
81.87725093261936,1.8959736378977228,97.46777771887498,10782.771903171022,0
59.79376980486663,1.0305988009977303,103.35611430757363,19312.57594665226,0
51.401645934543716,4.009485512563388,114.79138269793145,11844.434256673478,1
70.99034821007201,0.7382856180082158,88.55083364065212,4166.402922598016,0
79.3083822635053,2.1884470220556467,96.1217808246401,16643.871699787767,0
87.97594522434315,1.9375377912259206,92.83215317671431,5829.639836100801,0
75.1629757210145,2.7836476398430685,89.85616430808562,19185.563671495507,1
66.28283303414305,4.631738945508828,100.76358149287653,6506.245333487955,0
61.06869378415137,10.229867500983506,100.01183992949478,18190.35910915271,1
70.11451291670654,2.263413322198732,85.48958122333705,17579.079363518314,0
67.00735296114743,1.2527116476735605,100.14520422356372,17279.854950994126,1
59.84932094271184,1.1550095168033776,90.35683205671089,787.7056071849408,0
90.48755650863286,1.1505230353470222,100.0946217530798,16997.39936895581,0
87.85168402072131,2.7113676601934773,110.15597194564872,14426.002379034335,0
81.36048683555428,0.25349039315008987,103.70454368860752,6685.965527990321,0
60.79149602190873,0.69716459895591,101.42013675525672,9801.96853111455,0
78.5501932429728,2.713170876045709,95.76987394077291,12798.300803544167,0
76.39626409497902,4.1458699972557405,100.53494120675819,18870.739565117143,0
74.42545624204053,4.162574678894701,104.50603377797985,15601.689754734729,0
82.49665267043777,2.342737319517205,103.71333074246728,8570.014845903494,0
76.35371142861277,3.7892323433341524,99.20624988949164,12908.414128691527,0
77.40014236304336,4.68608295349668,101.73901059151133,3717.4175088760976,0
76.3690628337221,1.5829202699250409,89.46750543966336,8478.847914657976,0
73.40791408002106,4.369925495438541,94.1253058017781,15826.026666049662,0
52.163888702858166,0.4896073628003709,105.66047802036789,12131.794289915833,0
70.83621077410557,0.6787759191785449,106.73626361099366,15664.982953423812,0
64.43808041150875,1.658559345430105,100.74878872671489,10196.334709444462,0
57.2015904235998,0.42687611185161933,111.83172587492122,7602.8686858965975,0
86.81816619300824,3.2479570585201203,104.06415533169094,14850.807561758926,1
87.28995340885703,1.4008436345545363,98.13497985709549,1875.0971695992068,0
83.59220600295612,1.953231793979798,90.24197797567554,19572.136684593574,0
72.55213416855875,2.0085961229744353,111.50986600023131,18967.47548008068,0
83.50625120952657,1.6259101567864171,106.16253965723662,17607.372124057285,0
70.12053180601825,1.1443437162589714,114.38649138344414,17685.56197699291,0
72.02797276897779,3.139485888914431,117.33477964403133,10221.122410028518,0
59.06528629538017,1.3768635168609233,89.70447754573792,9958.914409077433,0
73.9699130449884,1.9885017668575513,89.72533004698252,16401.643429665073,0
70.60385928424417,2.8036340764461647,77.09440069944746,5665.130244016108,1
56.973478831655356,4.66006802159621,107.34689709623805,16998.275588119704,0
69.48802888183403,4.415428583621015,105.2518614999008,4017.604238075674,1
69.20270436143191,1.4780580186761538,100.78223200100678,17582.14542155862,0
87.9756116664464,1.0943673728330767,90.1909341516528,10821.704395713039,0
78.94213328513409,5.302768530780358,99.28773048700182,16864.220553168074,1
70.11445439091466,1.3707332169635837,101.47764396006164,9862.855671379835,0
72.48787309801082,3.0513036198167414,106.26180533503336,12168.643721230197,0
70.44212378104199,0.4026809395588791,102.18389531572228,18535.722603481514,0
67.97086015204452,0.24517202506649396,105.31041035992934,8364.24504616198,0
59.17572802611713,2.261767666095946,99.00695304068762,4405.727760812932,0
68.48948122393071,1.7883868907546296,109.45185515140201,1819.606769267774,0
62.53901743347487,3.6144631727983745,105.05384061954753,11799.58127312431,0
57.496844610768534,1.155773565271495,90.5045354343934,12221.70240680024,0
75.11221814547535,2.6542670059801714,111.11376294124993,12414.102186823242,0
73.91264659933235,3.4822271062084575,109.80457218172108,743.3224151621065,0
52.132924886319216,1.195350114878335,103.72379789642353,548.3097381079638,0
68.77315362504872,1.6570634256345278,102.24574163989972,17908.34040105854,0
79.95701385899923,0.8095581748677884,113.2688925510266,13910.039664507301,0
80.59223738896321,3.7043363128367144,86.9334970698234,2266.344159732769,1
80.25836842885239,3.167948150517247,109.92979619247721,1492.7358748252595,0
70.3891320690146,3.335254063270274,96.19034641140519,3237.140281828628,0
61.54954672030849,1.7827232994352225,108.76141957128308,16138.379601218132,0
59.1630117264194,3.1300642218331225,100.96300677735235,14461.720554872198,0
73.44604904750358,1.906907777211403,90.0565918127341,12773.063779828755,0
73.79280034365163,5.9067873567514075,96.02784151971447,12815.815742138828,0
82.87331111605066,2.1289836973900242,108.17383258532772,17177.47733163486,0
80.99979650342084,4.244628393736784,98.31833694944102,6669.174767262567,0
68.67771343468829,1.790450064978209,95.02811668225516,6444.600415607678,0
57.55794121139131,5.101822943200912,94.97462353763984,8508.5365934389,0
66.80893402989102,1.091952174970792,105.13797937787032,19793.52024185627,1
72.17231194810525,2.8980024644802707,114.00508024111971,11097.97885205004,0
67.97916754610596,1.28100909928242,82.87293303490975,10938.02270093759,1
64.22105891922344,2.572416327644341,122.40547557874629,16191.875728018764,1
72.52884814969899,1.3761836084828396,101.62996983180905,3561.2899882718807,0
64.9604225858939,2.1227075999688667,104.64179308239062,8108.0201636704705,0
63.71933916274626,1.5419419742602882,96.50990602282074,12827.248123844756,0
73.1145283430344,3.39701101498832,99.97187900114538,19760.335368406864,0
65.98007419870795,2.9843002094953657,101.54010409704887,3089.391933961578,0
72.44104388978351,1.243929442888274,91.60723206130372,9040.535604535242,0
72.73204022852123,1.2146351733208498,93.55454849393976,18111.636042097794,0
58.605709989084254,1.0124537689106756,109.47654032713002,14510.621367908947,0
65.18758876134588,0.8461828666853498,87.58122523712623,12275.604743898253,0
84.37776939916462,3.5569295288683267,103.52831282650833,5142.167260326989,0
58.37920487265713,0.9633338469328088,97.03586472504652,3744.214683841871,0
48.83345551029469,2.729554591996163,92.31434280419539,7484.245870632691,0
51.38154846757489,1.4382935913311379,115.77545481575521,5102.158127173162,0
70.29109946576669,4.161890044380018,92.36397950990849,16169.5179771936,0
70.30917278032699,6.856439169535466,90.95918400212423,14414.068555863842,1
68.82389144574879,0.05466510561449931,98.5042183718357,16703.962417686755,0
82.14189828928502,1.080172645767138,93.85153092718319,3421.646214089993,0
43.271655668970624,1.419337780556767,100.0510452559564,6199.387167394241,0
73.95933874430824,1.8306271347135592,101.24319437321113,15371.029259493616,0
85.61438201803574,1.7449352431389646,101.87726452507941,3270.9683312226634,0
58.72219235108286,0.6695645649547565,99.00887322205149,2912.10114244435,0
66.20193488210104,6.947978353990787,94.3827063752622,7661.177610755612,0
62.47108082771379,1.7946707961044424,105.14722434143465,3728.7377590233573,0
61.056539539224715,2.9749220480613503,99.10645786796685,1578.053160784083,0
66.7373799497696,3.039673677293838,96.03506150356017,6255.490491099848,0
84.27485283684504,0.5307554576526794,111.83994959278017,17511.990300796613,0
88.3738667548752,1.6125701322139798,99.0295043168684,1130.6585727922202,0
66.64060774959853,3.556781260460501,108.73589281197273,11322.102414463146,0
89.0506021406447,5.3200325193960305,109.81470757687512,11260.077678284795,1
70.35576476984625,1.639532488050753,110.30138268340635,10616.811215840844,0
87.53691026701081,0.6341852423665478,105.5292624648888,10110.17446030085,0
69.06701350346508,1.3232250807158403,99.99493202499389,344.729395198593,0
71.31057826046144,1.5844161923470919,99.4876664747918,949.0237869271923,0
73.65474472642835,1.5373731362662963,98.04703905213368,10224.140253113133,0
101.78853679367535,1.0134169629886474,82.66483463989499,19366.185454261187,1
78.51285574844789,0.5694457676040408,105.7504544459829,8159.515610114987,0
62.92735470048537,0.8023860164738533,101.95572453108063,9446.53524986875,0
79.68997870275858,1.332653227771365,106.60419412966903,19641.26230673211,0
66.38167462915658,3.5160429020888273,99.0639875882243,15582.268108714536,0
65.10249817098791,4.469383503308078,105.3186012956282,15402.196942353126,1
79.08601359892111,2.299242311716122,88.97994349710845,10094.708940795435,0
70.31085587771153,0.8236044781632333,90.64587512590744,17958.253063966815,0
72.78575914511806,1.3958181731760613,80.19030720222895,11623.526107861311,0
70.13985221865292,0.25967947589020296,98.92520643334699,13133.946518087114,0
73.36583126605434,5.387902223723903,93.8197952977712,15751.110405844098,0
74.2496589743615,1.2235141350493821,92.77294499863665,8131.697602101289,0
50.630330672945846,2.8002908444161303,102.67721902372246,19065.405690863663,0
76.66572668609534,4.25992261360717,96.59594244641897,19760.144656981585,0
60.17980580169699,6.389935140257444,88.5352719455707,11742.756641106742,0
55.577008644405886,3.7862288062009846,120.35813418201678,4441.107745164448,0
69.41588756141317,1.529727464765265,99.7039150360954,15498.040346508773,0
70.83981003314454,3.0721740660562813,91.33469557651443,6442.772069598947,0
63.06493835427719,6.23602044821558,94.64131631253561,11542.070031777404,1
78.31031857667975,1.213814523360327,98.61485624792637,1734.0704091663638,0
56.578248336290926,0.5408190836816253,98.5980323019424,16147.814100603013,0
65.9305625122744,1.0204569470844715,110.417314184367,19181.739177413543,0
64.15125865066999,2.9287020430216524,99.36456033894234,1884.4304926729437,0
69.53412729660661,1.5612740880455396,114.84166537494602,14631.981208937272,0
72.78864284647238,1.9761284075971168,96.54061644790315,17216.777271294934,1
59.921070503764554,3.2836223062107495,103.41148832207914,2190.1243883100574,0
77.24282677456227,1.0006439093026946,108.17584155462265,4935.929391269784,0
70.63002368334699,1.9025024955537313,109.56121843769343,7837.424961101054,0
51.0805374668809,1.3760603028303373,110.49497773943051,16735.206634135728,0
50.41408559602969,6.071981451029416,97.82390607295892,9868.625310060948,0
69.87680707070689,3.7053488501600516,99.95608591780065,2739.2660508327426,0
67.79032682213646,1.569893275805292,80.1646194674906,5127.421180741776,0
68.96579886425367,1.5004021151983251,98.43191969119552,9347.556817401352,0
69.72017543469782,6.528488590212051,108.73003342343985,785.284923104399,0
72.25559839510181,6.180958008070481,107.17469183884707,12619.941379384409,1
79.476496098483,2.91496492787659,99.30810303191934,506.4379282945075,0
58.88895099082442,2.046444604702803,113.59311554343967,15617.42688545376,0
58.28028407099205,0.6815635870914244,96.92795772524154,14677.018750109532,0
59.066761421126174,1.0284369238574704,94.2708814078408,17308.799839452975,0
72.88916667168706,0.6323464040931069,96.25470611818905,3154.2548100631598,0
82.44947378646445,4.375673203606293,91.02027980131108,12051.704219149542,0
65.6866056176049,0.6918968935533198,104.9791602536283,15620.551671735146,0
44.98300155840346,1.4849765022620942,102.30785449286887,10314.975611807455,0
52.96007137389624,0.32379839370222413,104.87983557098441,2616.0865402566947,0
61.66963277203988,0.4869092209618262,96.6850307845503,1978.5123335425546,0
64.42271112504785,3.3890920763509524,99.53541616528597,12117.948158825116,0
65.91611372745274,2.603194177224603,82.57265021272875,9952.15216547823,0
70.38581122980916,2.102667814718811,103.00980441048837,18591.202734643008,0
66.88253669177553,1.5072477420374244,100.79073164047719,16676.81542046542,0
80.49339610543407,0.42295431427583846,91.19577870805229,14474.983833076294,0
63.239826943186316,1.3480639223878024,99.16273974330723,19647.93521094685,0
61.37682040524457,1.8151749151825682,97.93720558343867,13892.21367046399,0
74.78875538520461,3.230032285595779,114.11449548005994,1847.2546739821328,0
54.64357930073881,4.213295723648077,91.51098425497756,1551.259550147861,0
73.89691705320003,3.4634508845978638,102.65140943093361,16317.383868198758,0
71.02553183726266,2.5918796005408953,91.27385317857312,7214.071672061422,0
68.52557510081833,2.0784257834333055,95.53701244743783,18485.675731246905,1
85.88276107149262,2.408549714199204,102.21455162953784,2364.9487010294947,0
63.77792554705282,1.2744784939353628,98.3090960730951,3975.740238704828,0
90.60298170524078,2.2148645637449045,99.95207315029155,15463.349986200403,0
67.745685507719,1.8070860916615774,102.66177686585576,16949.488834560787,0
57.22983555029772,8.279333155983489,96.05048343041153,17343.926885716628,1
70.69919580994825,2.4536089063506794,107.07317227852351,1982.7853050294375,0
59.23754799681232,0.2338018175259997,97.55616205409916,7636.046049769385,0
62.482441521865,1.4430026848877284,99.21955630757942,12927.727062063661,0
73.97033300015491,1.6553891643045253,102.89049019670284,18375.912333631266,0
75.55582088650125,3.7916089159538857,101.81600160931868,4780.300620835314,0
63.778322997457416,2.6851842709951748,105.15382339634282,12006.857669607665,1
79.87405145046401,2.588108945327078,102.53571521187764,2870.3859089701346,0
81.57507758021134,4.999062279404549,103.7522452924494,14945.574228442325,1
84.3630175656329,6.19989979308372,97.39701988667886,2550.4891333910873,1
75.29413407125722,3.3856111155188335,91.44983121531584,19999.64976884478,1
83.63428712085698,1.534017700288172,88.57888877797711,1845.3379937487969,0
51.19201572025942,1.5714024927422119,86.6343188188616,13706.743120761006,0
66.82093451371537,4.575426122236434,114.1018137418342,15540.776683297654,1
61.329947436765735,1.567578427511733,82.29781271284699,5159.795669132856,0
71.19225861127391,1.9729680649215704,109.54978799181681,5096.573386324803,0
64.28550780803263,1.4178607287814444,93.43304790962021,11922.941032000403,0
68.33842158050268,0.8103949339759211,109.49152777695843,12609.491697599482,0
88.8217488020405,7.862248883284437,82.3796797766764,14410.519523315954,1
68.30280203579622,1.983217120241151,98.11924878493375,11605.879753638515,0
74.13792317190214,5.479625440454192,111.63219522420215,3489.3354794086417,1
67.67730670075765,1.5846424686007086,105.70567650780465,18482.869493085487,0
70.75713287956833,1.222925374636943,97.30187631447366,3332.231514268924,0
70.06016680436072,3.1877907702720196,84.45618158777215,11304.770367437663,0
74.48324065973159,4.2010385284007725,89.42009182279254,18400.05689322564,0
81.65307535547177,4.3859040872448976,111.11317677247503,18259.391829026503,1
86.4739399760333,1.7963334822689072,97.21407038997019,3358.129496212976,0
73.09620081909166,3.4230006271668687,99.42540717269249,4772.053914619132,0
75.89546886035602,1.3371182140755749,102.26828083762105,12037.01154119034,0
58.49135490814433,2.1937391472170193,89.57728869529956,6743.286661562942,0
69.12123257584379,1.663322343987085,103.25832143872144,14617.664789565659,0
79.40289464883588,1.4692727302271706,96.64307615464796,10448.086418681352,0
78.65968638417154,2.26229613089192,102.34962228460432,5321.80111888378,0
72.1160973279505,0.7906418308361665,95.37559263570373,8220.758352246856,0
78.86393959567953,3.9691021388972683,87.41507151951075,13822.22142156478,1
74.90766708993819,1.4741418791871015,96.58101974550387,15702.827183814701,0
82.00306258259322,3.8415830521848964,105.12622093686402,7391.219802891344,0
72.89359156957111,0.9508550722204796,103.15248071261628,2099.7076672913217,0
66.44301684428966,1.469969773569017,100.24744693867781,7065.540144718936,0
73.35841256933024,0.7881577221596944,107.18505482408274,12609.414391770075,0
40.69405624147224,0.7607656156500581,98.37124789964619,15196.643216928038,0
73.82885736385049,1.0656780990433787,100.45021051212174,17593.18477271968,0
33.51587174785217,0.9640310474525956,96.1618649624502,19238.837645170795,0
52.765365925945815,0.7943471834810157,107.65294381402764,10587.283489885267,0
74.51768600940984,2.0829992838619082,102.33222838177412,17604.148863017563,0
74.77529337266796,3.144250766774262,95.54433511861302,5241.5603525126535,0
58.375712198600695,3.260057838571494,88.08776202777756,11193.034288507297,0
62.878979581210615,0.38867143287873496,108.8396901991866,10787.698517289495,0
83.70540988614133,1.6549903672976558,94.04747959052288,15373.882823549962,0
65.15969868427324,1.527517897217541,100.57651481991637,15462.456990045026,0
92.42920312402985,5.058705853699146,118.82079746515657,5706.859166459175,1
69.98080146823654,1.7055894244684489,106.41207633386647,17717.228681395496,0
74.08036176881266,1.9536013238220842,112.88919671061593,17829.85966663735,0
86.16874398498608,0.5537579547835334,95.69500149967081,18964.830515125162,0
71.3102711619342,1.041516436945981,108.56781117456165,9152.886549783405,0
59.976560193091984,0.5197469209712148,100.21335194361512,19748.286482931933,0
68.9027254830571,2.184402341074908,102.92813536614865,15698.226615285965,0
69.64389263809909,5.166215267050637,116.16673370431648,13063.747644269579,1
56.352583477984346,1.07312998281976,97.77083340680235,8645.15940608361,0
67.44167928659176,1.716320035649271,100.15403562941229,16848.62441616501,0
62.57807906002563,0.9693777709868276,92.7742827879363,15282.751099497307,0
79.24357757187434,1.2507930797319733,107.10774844726461,11711.165304809707,0
70.34611874185255,2.2186040835324983,95.51498481370692,19942.917740134777,0
67.1720425085243,6.81642685566571,108.18168332655102,4989.227311881264,1
68.93818069377424,4.9973091500231295,86.80069406604119,12835.081825732268,0
72.23122018406166,5.990576157196037,104.38910457466886,6422.543311033477,0
76.1681419968978,3.8650499942145733,94.85045355149555,9156.864806830494,0
60.00287771330619,1.6986061865471769,105.84414111464169,6778.929882877192,0
59.58412367378728,1.5209508383381973,99.89152661716618,6691.10410507155,0
81.0467921540253,1.078733864906455,95.71728868105367,7536.5221694715,0
65.8766312779527,1.677516910977039,96.90752306499203,1133.5915293999842,0
55.83157907403126,5.215103740863453,93.19689359953088,797.2216669591293,0
74.43812709383104,5.175749225724888,106.70230204256687,14498.445243486107,1
74.63369806032686,8.487318905009282,91.61090120459669,6218.171059271153,1
54.69284742743294,2.341916586315016,97.86337089013762,424.2922164694707,0
72.29481715463606,0.6808964323010437,102.76191663761979,1629.6231315347409,0
77.35583092428374,2.99996330472147,112.90795620358816,3916.984824720786,0
73.74386451706263,6.864745036150336,99.92561119286549,964.2451250010664,0
76.31981483761395,5.673567355544499,98.05991530769248,18922.944087994874,0
55.957309019092506,1.3843479186124354,102.18907892092822,11367.217603186475,0
73.31040154996195,0.7437554022576033,83.41228627460457,7880.487395638691,0
66.97380240529553,0.7243155870765615,90.41083439447425,10654.244677053772,0
65.17209841275356,1.1387154829707313,96.99706800897239,2256.402017182311,0
78.70555609419726,1.2886925646272516,94.29624679413878,14036.911600217669,0
84.7927451067423,1.6003616050420686,87.1933336860527,19391.80988465236,1
87.94370054600358,3.2840592990000643,106.86222920934068,2613.1427115830206,1
83.14807871505906,1.5570395071411427,102.07805383645858,3052.002451815754,0
68.90265818369816,2.1202163765773396,101.12212197826007,12573.267696708734,0
73.52720163026343,0.483241690488719,94.44807079076502,3038.5985470564324,0
77.66822871784244,1.0799262234977687,100.63514371730932,2521.055764995317,0
71.21177949299462,1.0375062109753086,104.11559567552848,13409.676351402797,0
71.30764187911544,0.40154679928598863,97.88083156877376,12373.149347691002,0
78.23753131876182,1.5260529315261044,103.55657791392292,4354.74021613292,0
69.40717353974068,0.486905747659766,93.63151614539908,16463.578976538523,0
62.707130636263386,1.4408194559675238,100.7798825039177,2105.016906411912,0
65.85526934164142,2.2446415928800167,109.1399862634088,6651.4979850507625,0
76.33910377733743,5.274169051263167,109.85615762860832,14777.352876072562,0
70.02993291199955,0.9920972376335707,110.6207104395973,12278.024204248255,0
73.40209976868339,2.198341287909204,102.28454732346333,12001.419063070638,0
76.70079242202189,1.206624808919712,100.25291163886196,13725.482578942856,0
66.2515853710239,0.4593647218191649,96.40968867072469,12929.254496774978,0
77.56248163629806,5.314873914066628,85.54012194786067,17485.41479580568,1
73.78842603458395,2.3209424857028904,89.24080242879606,11375.34695139991,0
57.65186913088522,2.891966461666928,98.65556022427792,8025.689647231524,0
84.42304791186244,5.895820782343144,99.13369240697256,15321.78654391696,1
64.99255256243084,1.435101652341327,111.29778423045194,5184.793889898132,0
53.44904656814816,0.6479066384689574,110.518393035005,15191.840715037002,0
59.54956290413698,0.9796289976657038,94.50811086810732,5599.6795787307565,0
59.789548393216776,0.5912574309271856,106.54660572071215,9607.615169019946,0
70.52173318657533,4.363513862296294,96.18344908340872,14783.866364812224,0
67.26149494453763,7.039068960032165,105.4609307440304,12553.18495643081,1
66.63168032359407,2.2266438900040657,106.44814182485396,1713.7809059199571,0
76.19701965482479,3.3490002400370784,109.9367424971819,8931.193537719635,1
73.39875361192703,3.9772090615670317,96.05885316173843,16237.111199364826,0
73.16047870644286,6.156193990146158,108.11442949744739,19935.29944742434,1
74.09828457328693,6.848576597992517,85.01748771102983,9335.959634678678,0
76.16134668002238,0.3041315907620927,110.36972545231089,1718.514451102111,0
48.92046658222557,1.2356559622474836,99.79986621745186,7323.714207898753,0
66.3556174773554,2.041796041217341,99.97017601611442,9798.459952920904,0
48.197899355105264,1.111779549990253,83.70050795447638,1468.5705659473535,0
70.36059926797796,1.6328423014296203,96.89067290202095,17285.179665137897,0
69.95367027775654,2.759459746408022,110.8438351969084,10775.822098142504,0
80.4553227478968,2.7058272162352863,96.58638486637749,8322.311948827335,0
81.87634392721121,3.8891162881595744,105.70770208780166,7943.690092219935,0
72.02775048252367,2.076536728452651,100.27644102171287,566.1707368908009,0
64.996389226031,0.1395078424441134,108.50135311679759,10377.512428005917,0
74.85161112545738,1.5260580871822294,101.532007721633,9511.521633023434,0
64.72082362675687,2.567989135226173,92.54550775121518,6917.705140816335,0
69.98607348556651,4.080392252474306,100.45160543879155,13173.545838116735,0
79.86136316960767,3.686582679611649,112.8097352296097,8220.64490336098,0
64.42228654010576,1.8676755439034463,103.98116062428961,11435.280076774294,0
78.05678639242501,1.168483993591491,99.06842954165069,17700.8484958074,0
76.77401368692303,1.9354144010876753,118.04595055306646,7277.734018361277,1
60.45208182869179,0.3606673412317068,109.27372562048977,7958.476793770972,0
79.73894128217401,1.2668935161388288,106.53387132318768,17318.079425336888,0
76.98566345371505,4.6008868620066075,102.538739721955,7161.878604756973,0
71.01925887372657,1.9308852581045275,105.84219067800886,8787.257981373687,0
62.376765419723476,2.647862213778032,106.10185658546273,16016.244447165229,0
61.4079398142443,0.5665059617456298,82.5374772355829,11837.338047828596,0
64.62337423096977,4.061432272534131,103.15948970263558,18677.716975405285,1
75.4259446329196,1.7945353125203392,98.71355312531473,9413.258803444578,0
60.44374832598602,2.5831592771531313,96.0017898149074,9580.52816760316,0
74.3751224861987,3.001633800943066,98.43650175964609,858.5674143295807,0
57.58244471121607,3.9597963560651395,87.55321050542238,3946.0632732363333,0
67.95931415561151,2.302350942646397,85.56311919970257,10799.98632103582,1
71.09647754574009,1.8274513355974038,109.97201933958797,3742.212739423063,0
94.45130145058917,0.6992124674238201,103.69726255767141,9071.667913645968,0
56.22684344479633,0.5147674473827819,80.69590298230176,5666.343602551291,0
84.72014566490134,2.2682706848979906,95.38892366878608,416.2666142114535,0
71.4984241398728,2.5953926895617987,107.04441386717224,9502.188550778317,1
74.11171918015962,2.9114402465887808,97.75988501023495,12925.399645075697,0
71.18347913388205,0.9975767980947905,109.96003963038689,6764.673929269323,0
74.44726818195232,1.2767551408401123,108.39801439421308,15530.539230584262,0
68.46314895637983,2.2380844616826665,89.14631032551429,2921.07861589197,0
84.54050181457458,1.4132644024561933,98.85340720920935,1825.8347084420402,0
65.43528855775277,8.94334007683135,96.41528460153037,18696.829880921254,1
81.32234572179247,1.2541461846901485,88.8860936451832,18433.13095414023,0
63.55632879786977,2.725700981276258,88.36580540115783,8130.884970104777,1
69.39748153598713,3.610135282204813,93.55182763006619,8398.63776095805,0
59.28037447709781,3.7647318056788093,94.8725967238989,17020.71159594663,0
74.5502372034752,1.3931108468864521,102.26583821794691,10610.422360919194,0
84.45125956926533,3.0120449558888702,108.35370778571536,2342.275765343966,1
69.22643820179145,2.7522688976465988,104.10915964649895,2297.4688543600296,0
68.03114301296091,3.1044742182744454,106.00297792224659,2622.6147661939135,1
58.85383036932073,2.2160812256351243,97.86705742823706,15615.304086711129,0
67.70707346447692,3.6280790642359735,104.82400157290311,12037.92531186886,0
54.07205740278472,2.4154470157236627,98.8130001472779,5995.323822181434,0
60.87122013281173,0.6203892073847048,96.46822093397773,3241.468408064989,0
72.26786046109136,2.3626025507065394,115.176807591165,2469.270412679978,0
83.19013197741396,2.5700628501220355,81.35619234762001,14827.750175686231,1
98.09210861229502,3.453981979082817,85.01356562154112,17717.251392182112,0
64.13414914929099,2.2702896304182474,103.06159803306883,10621.567733424381,0
84.3530015664544,6.254537927353853,97.8801412117404,15454.201943701984,1
72.43752480401648,1.8772900732881719,88.50412519866462,5662.56809983285,0
68.48752353253624,1.3347633081060974,91.56311239068985,11713.2758690817,0
74.32594451726152,5.007367586201467,92.60475362510574,8760.776956902851,0
70.6191648367996,1.8380412220102498,107.13869229704731,1753.8838436058456,0
71.10395725612219,2.1165180263121144,109.69928344851552,9747.335489495159,0
65.91666837173331,2.570848298969035,113.11650052184494,16935.734979979152,0
56.01890340201149,2.416813683779052,87.2879102223253,1035.6503565198993,0
54.56374797477918,3.0870230321776937,89.06301173990775,9542.11953942311,0
76.53244883281226,3.3141846932058736,88.51498820399581,17465.261521220702,1
67.23299909914286,1.2376545216798638,110.31085604616007,15801.43858953287,0
64.03911100343834,0.7564854942694628,103.33779563535623,9868.999593332988,0
70.08505626723154,0.8430472722582504,100.64159373175777,3426.8927852737474,0
77.94932252915628,4.643404410460312,101.83702955077958,16970.52392582999,1
71.80363943026398,1.7224603993229703,99.54577378289005,3062.6916470924325,0
63.439450633590326,3.587820907459154,91.03086362074797,5536.414263942035,0
82.2629295564895,3.3770774129961514,104.10538231827924,2485.5038290446864,0
85.79185502981632,2.1161836228381237,98.51089195477051,9180.182288558015,0
74.94556655322853,0.9844905050916354,90.39742789216565,12583.958559453016,0
79.7366351134409,3.434200738900045,104.59428356286446,16542.366219714833,1
82.41959996813812,2.062343913509294,96.5936989098193,9226.752167637127,0
81.30099316404514,0.7118889229552073,101.81986789473102,19414.405431703795,0
76.14099177112624,1.4229058409260544,99.0001667096158,11917.139749104366,0
75.98347047074883,0.4722634544648354,107.13103017779846,12088.200705501515,0
75.19660573346502,1.4780080163240374,101.76130379383153,3505.76059252671,0
59.02662325452957,2.1989543084950447,92.93039860114555,3802.320690401928,0
77.00723156859586,1.9001645788846906,102.57602578830826,11532.523141670006,0
56.44186028873446,1.7298076911016653,102.8375097957845,14417.58807510865,0
62.05400544874945,2.1820504714002187,104.09066379231098,4094.133752955942,0
83.03565067808087,2.957496174924952,108.28699403785531,9680.35355385187,0
78.40220162694197,3.7864334108433764,95.07213771858261,7124.001226163276,0
84.87398289685862,4.138958074136864,105.34348533744426,8775.275121635816,1
67.28325616312708,1.1230337646426212,86.20146209727356,4442.618760307071,0
58.47751158723233,4.4165599465516765,99.04012147769355,2814.4572806469514,0
67.59562802929658,2.0647710858623443,97.80272092153886,6410.020581077416,0
71.02031297240575,1.5839791115107642,111.58276176144224,17378.333336783082,0
70.7898871634001,0.8666678775518804,98.74931656818812,16104.515190175323,0
81.33680478756702,2.8135864625767857,104.86391022537288,2033.0826742542497,0
66.38729574996555,2.7370211910132625,85.90577101701955,1756.170245607216,0
73.52034471802924,1.319549379103514,97.18593628249134,9859.024576380883,0
60.11372850565394,1.35166379903616,93.22912106053137,5547.644042789555,0
74.50317278043813,1.847262608740368,119.8040889863642,16468.515900225204,0
70.03108550185637,1.5624015262460402,94.66562594302914,9723.623591588022,0
62.501866617154825,1.0797034010906619,100.58623258129161,17054.1548090373,0
67.64170637825147,0.781727022181587,101.01260641820136,2163.9763728475427,0
68.15824253484779,4.449766006583751,87.28417367250677,19401.54153456891,1
67.29844870662905,1.41703065135878,95.79171671565508,15342.02684154892,0
87.71341242267684,2.7260166923531695,103.23813210119404,14637.531261320717,0
69.0155399769212,3.1140283307093055,100.68577820193028,18804.323224633907,0
67.56103889822663,2.8233693397936603,81.5967122239365,9406.054804503472,0
49.02549042389858,3.2324693947748107,95.4640684439632,2977.778281237027,0
61.057926480205225,2.8010555498819283,108.16657329157515,9938.014916821523,0
67.36926575543647,1.2182713020503575,104.70578341850347,16304.476788211177,0
63.14147323823357,1.6327461347714232,109.74426681460163,17190.859179312687,1
83.81707593377797,4.369663865304738,92.11482130061367,9770.914112556657,1
68.35062224603782,1.3838513493636606,110.24743628223246,14646.044403485874,0
82.88444249318252,2.066989546137254,99.64475161368655,4939.054004783756,0
70.61704634050368,2.966656946628325,112.73778000751152,4610.940838197539,0
70.37227836421576,5.459683067008151,100.02643547267019,11725.191047661363,0
69.11203552287499,4.11057545292789,83.6201960582855,8435.023375151994,0
70.03796251621459,0.9501535275482288,106.79403657045715,3221.048188441944,0
87.1879500304986,2.6644881547221213,96.45189057620286,15227.249856567583,0
46.80389273248782,2.4486427144219367,96.99016310905213,10642.948954519241,0
49.98454255561321,1.6438594967658349,88.37522855144185,10407.846148331157,0
64.56829168943887,2.112446746481451,112.97759599204835,3786.1903935935957,0
70.14527881937569,1.208346835415257,95.83119060957722,4822.812725318544,0
76.90104424764013,1.8218526907780457,112.60028619930016,13854.157687653336,0
74.73087198027476,1.394263381905566,96.55005470725717,17038.06165002697,0
66.1575408711943,2.231957949274705,92.57803838280577,3544.242936286275,0
80.19043693241763,1.5969263648556205,110.55623339223851,16246.914423883636,0
80.30195403152732,5.734529763238521,99.41332200799816,15761.903337854992,0
71.84057831271565,2.2865395744063615,99.49142394115876,16298.236371506557,0
79.62657572486842,1.9756548561548448,89.74699247773503,11634.876277836622,0
72.72645263432129,1.7482871172531034,96.33901316242995,7036.8403738150255,0
64.38516973217116,1.600294412153863,103.429566589048,15420.418432380864,0
76.97816839000005,0.7120503856943836,89.60656004992919,9598.908431440732,0
71.10613122578678,3.581983778836181,95.68729844662546,4437.281628105052,0
70.01339846754487,5.012159220643329,96.63642850074034,8047.735203144029,0
84.72953572189574,1.3772573720910966,100.53152643771199,9154.33682560698,0
45.49127871459913,4.354453423517539,111.83647716510612,10106.903055833987,0
55.8231582984043,8.885848772070549,97.60037493613613,17951.271508175698,1
58.129295736256296,6.877690330009093,94.4759947006995,8223.300251525367,0
66.36739352431195,4.8659110885776595,121.97096505619737,5696.216340820392,0
67.4539183023397,0.7969718174658466,96.53451717181257,19246.959153826025,0
54.926743522269525,0.7885877339047501,98.47473471064643,4838.963818621815,0
60.148419676891734,3.2216256246273223,97.13722904647175,222.32581484184166,0
61.391583214764296,2.082227395437413,97.78584719112298,16996.420362424506,0
94.57424092075891,0.28190572896078997,100.62203890412769,19088.91541536315,0
88.01741947747146,1.5064677353951361,107.3663718207462,13642.638949458375,0
65.88250582315351,3.123951103228847,103.23190178618725,8152.993083842417,0
66.36416709693201,1.8419139712321981,108.61676450693136,10875.09370388607,0
58.507960028117054,2.08981356236082,108.35222939685947,16640.031421933127,0
50.91869586774733,0.7875205970219449,101.66841684492701,17706.806598931904,0
68.83119813591476,1.4912264959037425,103.01049576051021,2050.5177342183956,0
60.021480167559744,3.2310399306294064,108.86989341014899,17359.934344820078,0
69.15149468337991,1.4341872520165198,91.11032057598014,12346.99632432633,0
53.99794150956522,4.5894811898208605,119.9856896179064,645.5710427199346,0
62.38025541689742,2.1250606657476903,95.89931895577915,2169.7140514079383,0
71.48627095302831,2.806182457987845,97.19228062744818,910.6842742737653,0
73.66209597783937,3.180912463253113,90.30479220260987,18971.17145170884,0
74.17471958742014,3.0938440062531387,90.54279353636481,8530.358053333692,0
56.79511015842962,0.926604564193916,107.79227255111789,14312.312617157017,0
78.54685730135562,1.0730815492201875,118.16154622113801,34.34682695822255,0
61.997883033981495,0.2757459202871971,95.46207911353322,15863.439331510808,0
76.32857914607307,1.6283333143449676,102.77853222502014,9640.707746266327,0
69.89361323381807,1.005808874965392,101.7613327656973,18472.05339525357,0
56.23612500922052,1.4003814521422964,108.00195649933407,10417.949825103808,0
66.83802295418812,1.759914244789665,117.74971571613918,15776.002984480992,0
73.65363742063768,2.3316246433786443,112.1677873438527,12589.33382720633,0
76.12965380474598,1.8628148684252352,98.09072575215401,10410.769452792356,0
68.59012102555582,1.8371324507161808,104.23014108567708,18964.883777370032,0
85.31778890601052,2.6520113698603076,105.02446274193781,9911.984442507493,1
80.07510770986559,2.0228625366504334,99.83927495065905,17847.767299483537,0
67.43345883600247,3.761270625067872,91.23251093202616,721.5526026973795,0
77.50121812136945,2.027625919257773,93.60979025149582,13148.376904982364,0
89.33793485188187,5.481725935503037,109.18522120743373,18233.231584682908,1
89.60484600783028,0.8945319091386733,110.0104639665764,17985.50658972548,0
57.720001191775026,1.6060511521424867,98.3394610812865,9701.072610107009,0
60.734668888428494,1.2264570491177667,102.0884431524807,9441.94331939361,0
84.84918786733851,2.3969312891771075,109.57811057063715,16210.268692464791,1
59.41718949162363,0.8940247731340735,86.36584902373362,6700.317702124077,0
56.77458866708321,0.5717878950095138,96.42918055328914,18743.22850313089,0
65.13805869300953,1.046231212499644,116.14297105186115,5013.682411085188,0
74.20226709474586,0.6115496306324536,102.39446172962654,1487.9565462623946,0
68.97603293388903,1.777602887595264,90.96627132237252,15438.479052257126,0
63.49436379594408,2.326798620953726,100.93825834858971,8094.485110244991,0
63.25787538275491,0.4919585213113365,108.1714847381462,7115.547371266802,0
62.876629355872915,1.5299660487819782,79.62773650137134,6418.199095591719,0
61.20490371341057,4.103163167109059,101.41028653752875,19608.844683720778,0
92.81632877276061,4.908450660486637,97.02068356326009,11433.533061464315,1
72.97511071185555,3.4075684493702005,86.86401498850442,19838.28885197582,1
78.86759054404739,0.1651957975769939,100.65541804104247,6871.61976686939,0
65.10922531881076,2.1775672222449796,98.90815814591642,8279.384773206215,0
68.14043322813951,4.424617531880676,99.8072779824189,4235.253962173358,0
62.86446018629645,1.4122375267269807,97.2139150380419,8607.282326790071,0
43.48291665080798,0.7233156913956331,91.82929958436688,1240.1068580723095,0
56.21990723152134,4.20624954285812,88.36157733121402,11.157038659741492,0
51.89381320019605,4.621758383206346,94.474480477803,9061.46952210707,0
47.502162220483925,2.0120121448175254,106.87401691260851,14920.478491856476,0
58.04641025701898,0.7294910319603204,101.86456234981397,8741.303329241082,0
83.24955679381631,0.43141016626742285,99.44661336442728,10360.1079832684,0
69.55563832295645,2.571534602971484,91.68185480742808,8912.317911310434,0
82.90563762321175,1.234896900745807,97.00868053716631,10536.085598425834,0
74.10982576900875,1.9198466250804276,105.8972604668577,15512.080954993544,0
77.8255882571516,1.7704323357428007,104.03827009988393,16075.725812368906,0
60.99103004695425,0.999854197354656,96.18240904181827,16761.160874249414,0
75.23950954192671,0.40756760879756715,79.10878278825759,4248.598161392328,0
77.28714234074346,1.4418293713489299,94.60121895870735,9156.889126878337,0
64.23352707766307,2.2397548247395656,96.1384438591149,16620.113924071426,0
75.59540370616166,2.3160271191865682,92.74315249837791,18837.580397545902,0
75.66187758574833,1.1715639741700368,96.69459373488236,10859.667648082283,0
64.50447378869917,4.559677162374082,106.53240102556174,9859.999560034168,0
58.77231567729005,0.7969590342211602,99.70162837634788,15291.8954229492,0
58.15871668101728,3.8888036547151117,107.91756838323954,19833.886272050815,0
70.86505541921461,2.1882873198144956,87.93302331483676,8518.643967026492,0
73.27009868789315,1.4517907148595939,97.55948753636045,3301.99356469667,0
62.074741695420855,2.8108897215200503,84.48782311324,16686.13602173891,0
70.26585341326098,1.6916334210664157,96.58737976130521,14208.504169599602,0
75.70537036138485,0.5647267371362032,91.63474035761861,2901.515439905624,0
76.181907146653,0.7458986250184657,110.25002266742706,6470.1859347610325,0
85.51880120122489,1.609447883183739,103.27769604674805,11064.467844600273,0
82.76980832198043,1.3053051110141476,108.11863596474412,14629.311206537524,0
59.98708567243456,3.828984202783132,96.56521739781657,15612.931671101293,0
86.83586209538022,1.2577580928453098,91.84225522306686,3114.6273965982796,1
64.69023495444286,1.1961393772218325,91.5874960436925,4335.013411342923,0
80.44872812454427,1.0724622281622471,102.12351424616686,14882.45028850091,0
70.67986626051089,0.9979530514383628,114.4812919535474,2322.247455481714,0
65.87850621543032,1.0254910958272667,103.29905833616391,9963.20477849124,0
51.92303140225067,0.6474922584711489,97.00185816569933,10919.8430878334,0
68.28435489783652,2.255392452570003,98.48983315898732,6787.090942512311,0
54.40616764694391,1.800761395015711,99.74959734598562,15926.724282537625,0
79.67299235842772,1.7448857686720936,116.21314048142527,1108.3162149158077,0
85.16792657139248,0.4583121559695112,109.86886852667907,15548.889895615932,0
62.030890107033095,2.6437624236017343,102.07967203320293,12920.654966299771,0
73.0197074251927,2.8307873070133662,100.87785574244884,10144.35151346796,0
62.746084779920245,5.309394239510138,102.39482712295901,17447.453949572035,0
63.7151526986321,2.725445273148265,103.95420535426462,4044.9287606722596,0
77.74494703865372,6.0190807981173,96.69441637619524,16015.480702486979,1
69.61461738156588,1.1491478974216705,93.2473684209869,3755.490815230931,0
87.39648041931011,5.497642227695912,108.25776208443892,19808.921944460017,1
65.1776752129708,2.7871865667457727,100.17586184457586,655.2953977962139,0
79.99336332474489,2.547001067243289,107.58982348651975,11063.945183561013,0
70.97413412957782,1.7115999375889561,113.16926999021155,3360.336284426184,0
77.95778009744234,1.4472723082238026,104.16491787279648,8159.501329467434,0
65.52842342670053,1.2214607334606011,102.86838783656056,2958.9334034912263,0
69.50441162448418,5.6205552650880035,125.60194384413651,3876.5090358108023,1
68.84501120701066,1.6706406684092998,101.65616102623855,1219.6101745297638,0
61.63942885154213,2.822134704218659,91.27562553722922,160.07090547701887,0
76.62081534581753,3.2599486431814886,97.7501981426241,14386.11772213332,0
76.50249005578364,3.228345830693835,112.41347769396432,9069.210654923412,1
75.93554694905566,2.2628220571239903,89.64666119775963,911.843703562445,0
85.36965653917645,5.431126479161878,93.98032316677616,18779.396377677433,1
84.49344801236303,2.6695338079449935,108.85141444774814,13312.202909250647,0
66.25055310150864,1.19650415989679,97.82703485989573,5285.46264066988,0
73.73052318434178,1.5003739974229324,99.11803370418804,8773.902942401972,0
63.763993107417875,0.4848027646093239,108.58698256104503,9785.33365811266,0
70.23355316114555,2.4414303210377892,94.26543059476832,11398.556295417284,0
64.00250550881135,2.9876652690982564,88.25118038782351,17149.005553391242,0
86.20070309136051,3.167091593838783,88.88891223309972,11798.005654683044,0
73.63698150342962,2.787223230584109,104.65424354727698,19574.522980897265,1
67.81970871895578,1.7160947273295009,102.07305675064636,14536.18178593452,0
81.93618571856376,1.96546116265362,94.45946789376536,19770.34396541618,0
48.29384590204589,1.9696969167059146,90.72966703354292,11014.983025529613,0
49.858974051347104,3.8380506467647675,97.83541499880906,13568.983769261791,0
77.95838655219774,0.31265377506119185,108.93213829000378,14757.971441292932,0
70.60468448117368,1.3711865199781335,93.31345636936595,15094.940691379941,0
72.50446300260761,0.8400197307642818,94.6985278243795,488.5925667258184,0
56.73603896681451,6.8900258487886665,90.47582746122897,2549.4864147031594,1
69.76766289149634,4.352793388184814,97.06069688718263,4554.447720581787,0
90.03509410401342,1.4172003697773137,102.70463192573264,5429.889817528362,0
78.24199619795863,0.5856655703740242,116.92135325634473,18107.36378590645,0
71.69706545142812,0.7478581037227247,101.74225210255949,14452.064469448711,0
65.60946089895063,3.8032130902042924,99.57057515810385,2865.6322106873768,0
66.05427148130606,0.4704677406521796,106.90349284788105,8527.100661621598,0
48.708021107999826,1.989021246472818,105.56972441464195,4862.430902581651,0
72.5764042092116,3.3940876098300703,95.37871348506654,16597.272931416195,0
78.45483108481854,0.6831449265136845,118.41648058744062,18355.939720391114,0
54.24380672829385,1.973337773043655,99.80493318164838,3285.8027362717835,0
63.38583107693184,1.4357691065820608,101.89100256284637,8331.41563955021,0
58.42535367766578,1.2920825238070919,104.41078869828905,19056.73970506326,0
60.34648805191237,1.1220766630817491,102.76697894090363,13141.788853831782,0
70.534816268219,3.585947902530027,112.20318135099672,17361.93736685868,0
49.155978450115256,4.970924817718143,95.28073008696025,7153.874620083085,0
76.14270438357065,1.6147772280442634,106.26705799082164,4194.047324731396,0
77.53855069933682,2.5547864320909683,101.31654756307984,13826.074579580683,0
67.48897411963088,2.006987338870336,107.86178556087619,2748.5266975493805,0
45.192914900154584,0.3596282305752551,98.28011640025377,16798.037934525204,0
60.035813739976106,1.566286382925254,97.19667715077503,15096.743137108233,0
82.32901934102696,0.2873487931537252,105.8565878994081,6098.132700536067,0
42.22005719271428,1.3426547223556955,102.86394605671984,9974.230394379365,0
66.52476587806481,1.9332936234509455,93.43764558139786,15983.877992387499,0
58.19999221532741,3.2113045827870867,110.76489829131407,18698.206395448513,0
78.04570301584836,2.3947260572519316,105.86007500086768,7043.2099177445525,0
63.24886047856538,3.64864645080177,99.40636647603158,15799.83636770529,0
74.03954020735611,0.976086197815297,96.25415110615107,3889.341621885667,0
75.65460419169094,4.563327669162526,102.91304717498868,18070.80278373128,1
88.3622583973002,4.974382389568089,105.28388179221427,13725.000203999129,1
67.9705805632463,0.2709370831890622,87.24739940823336,3054.7864014029647,0
73.76044369622612,0.44314113241611464,103.00544738018266,14796.578432198618,0
55.14944520872564,1.8996383676763076,105.22043761930827,14481.153425365614,0
81.90413563293744,1.2638008829230698,81.18041120025782,14845.949138341768,0
62.39491151928635,1.4258787673357427,101.56951726996232,6897.548348493616,0
64.39245835912254,2.3792372136152045,105.55687307516463,14796.004998536717,0
69.77752205150789,3.7467758371053557,104.64702651411636,16531.401136201144,1
54.371156546601505,0.9325550935145778,106.4195868382466,6942.578190821644,0
72.28770028928938,4.169996685385476,97.37946726385401,4159.153331620875,0
79.6746627292501,1.1054710985649705,91.68074852259636,17757.598429858375,0
72.92933823497292,7.494773683855404,85.60204534587683,12413.881299623368,1
54.111024358212745,4.585072849210334,108.73778592454447,9207.743380898994,0
68.76190705670341,1.2008189399536824,105.62452395035474,17594.87811879974,0
77.4202890297949,0.5984296102605287,109.34791144662775,2720.1128715629543,0
51.22011234034092,1.1783027758353777,94.19886912924684,16211.692117219503,0
59.25233986182286,1.048687045783691,106.43069138100292,9816.425517666068,0
78.7654360408152,2.943030348045914,87.9785523843456,850.4852303606269,0
72.70095434197286,0.2789844934606122,93.04405153032151,19452.253713570757,0
74.11971582126753,0.4488303461089252,101.00781773206269,15561.334854976847,0
88.59494807623312,2.8854567934672537,105.30566103861136,4295.116477091545,0
74.68552778506202,1.0113537696595065,113.4320995831762,18473.91160002533,0
76.57888010433179,1.3565282202671007,98.07948747681276,18706.911173115604,0
97.10745527218326,3.3836367763474993,93.07400222568748,16009.312001930362,1
67.8619544190951,3.85959721589684,92.66280897734856,2543.408662841502,0
62.02117236381505,4.439890642083558,94.49723243980566,3727.6266646674585,0
74.27796398247133,3.1928334743696256,117.76821437180095,15080.65869808498,1
74.38991029388895,1.6726886860396604,106.05498864907567,18276.115409259837,0
64.73284608053791,1.5677912817497774,108.90025480289967,4300.362757888403,0
59.676029804451524,1.4296365681959817,98.08811530256085,9216.556704472001,0
93.09844422090077,0.6855665806679566,99.98681054081003,3095.8791936490516,0
73.26843470388023,0.9001883883954667,105.5941160476682,9560.156856613883,0
62.67714618597924,4.06115723611735,95.95360995375249,12850.582600694484,0
79.15930302279598,1.0989324159401912,97.6695369076266,371.09776818719854,0
68.90854848438666,0.6896245276646595,94.60236546988928,12858.543833885937,0
67.4711855368217,4.287809933242813,96.42005840194308,12794.99855371468,0
75.62272871914493,2.276154794841692,100.39182890002658,9100.169737312724,0
57.0811773176831,5.700509746079849,93.42631899068832,17908.04525188426,1
73.52627203917173,5.309144269153022,102.28783183303509,2696.3803504010907,0
89.12954807731752,0.7466210789337776,102.27665396440894,1026.2366090744667,0
74.6617766219731,1.8071792469903976,98.56601085715053,9916.623199493117,0
66.23787896216535,0.842337181717194,93.38032115549264,10660.690401642192,0
64.92894719571758,0.8358320819673505,100.83970439161489,5333.783724873702,0
65.8966002665489,1.3971457775954241,95.96076349638567,19232.55413307373,0
67.46037321952218,3.0027790724689982,100.37275333684828,5074.544799662992,0
66.22193467241728,3.0151051897058703,108.78501973922748,5403.236574662557,0
79.16311441074566,2.7614555336917017,89.97647906316774,16219.729096424133,1
52.667908967910165,1.6687524624150982,117.38789069514701,18456.4735165753,0
78.62000050412134,3.1272525881642905,99.41981126569807,10722.794920097193,0
66.20313474857439,0.6801191031844767,103.29471419124737,381.079738931287,0
73.76947785695373,2.3025772143170995,93.97799927806533,7108.697651117206,0
58.73012089799136,1.9795839899628718,109.13769239633318,4478.796572316514,0
83.28631066849437,1.5927841120871797,98.99498824439463,10220.360946693108,0
82.45634960171873,2.366998481889182,96.84705352160661,13651.435785375594,0
79.59590525750073,0.8570390342824675,95.3958798297954,7848.7257081602465,0
54.85245224206461,2.837866549050897,97.85206379368644,10747.199614518466,0
78.29121071066052,1.9416150414676938,103.34677858362326,15197.20628824463,0
74.04855087635708,0.49307113508222256,101.3824855250446,4922.940169463326,0
53.94728752867432,1.9086222077527064,99.68112213511782,3919.3579652752055,0
69.75702616229185,1.2741287182676095,94.30862865640144,16112.698936543633,0
73.64534489033262,4.129608662768168,93.84661220860019,740.4724768167026,0
75.56075273823151,0.7270665093632587,96.31300573936215,3011.931674211301,0
71.77261366948856,0.7511980194696105,103.68220569728571,247.13490924541003,0
72.9123141684738,2.586598584466392,105.29807900616322,11107.695869118135,0
84.73611392253096,1.720216209810434,106.37635357518415,12001.71463614737,0
82.2603390991068,1.657675915908541,99.98826485168954,10620.613887390076,0
41.32945046217257,7.522730669182783,103.06849552734259,8285.380586205603,0
66.82561445162318,3.0746147647328623,98.65239436093671,10580.58246836928,0
68.35348972456049,1.4992082575740955,86.06161607257306,3878.7560303192527,0
52.47901427273029,0.4316362248017453,98.27258568368481,16524.85449672314,0
70.94183058232312,1.4334074081501484,96.99738699713798,19615.460074125516,0
82.48757772410507,0.6599170126874147,91.68763836456759,10812.45765292109,0
59.134321404094095,0.9060534297768985,95.46084659397756,7487.1107663677885,0
73.36400938689873,0.9328428923927545,101.08073131432782,15835.654331183425,0
60.84176522703562,3.9108888535951696,90.9340257145194,3861.4386216839034,0
63.28087976320323,0.5354473940599365,94.31371622867353,6415.471321916706,0
84.77393634170035,3.6494976373318044,112.38321612442175,18799.611668706526,1
64.57442179888174,2.6708731079204253,87.17834939295756,3725.8834523587157,0
74.62212489010625,2.642989305645942,98.53454272314316,2242.3115567316445,0
51.28781883939013,0.874239488442338,90.66952507388731,10927.073912890468,0
88.6231756139488,3.3245886129635838,93.98690561739113,11748.346733655166,1
76.02652446306499,0.7858568883364309,98.41810216305508,11943.0020802184,0
68.17500157349738,5.026752158637515,92.09939101896985,3289.5645808182603,0
75.75546509999894,3.973244694314356,104.59144492293143,14422.894545771334,0
55.9018057105219,5.604921122691069,110.80920495817931,4845.622558654739,0
81.82530741752657,1.9873003823384008,106.73342508882185,18962.051018937982,0
66.7601522450357,1.719280359342047,108.19690494176695,4559.143546974234,0
67.95930484951565,1.4025742068241203,88.96211456776949,346.2295820183381,0
65.08344385034516,7.41822450597512,98.05543182544693,11356.903866348322,0
64.19348597254415,2.984042656487937,103.73936853882746,4056.957462134241,0
76.94670611628409,0.6669715335116968,106.9695273129163,12571.476506948258,0
72.55906850104223,4.646151676825597,114.0268239408786,4584.267211418955,0
76.5174814140304,1.6692213698263365,108.55231673303156,8561.687283796038,0
69.91205310514428,0.11318140544116723,107.17190898939107,3590.2880157602544,0
75.1319981107718,1.0455153575364728,121.06876464431488,8576.227141548281,0
65.81151256074962,3.971445399136532,100.77047265285837,2730.406774467922,0
92.29731841409549,2.6773260229092863,97.68753249406745,6759.461154516893,0
54.32069583569501,3.0616576530741666,101.41886322928359,3978.6323363560605,0
82.60937323562985,4.615712554127021,92.67957795450559,16322.037455662166,1
83.6790745072097,0.3568742188340825,100.54107028614246,14587.08167189021,0
61.47841194034406,1.056390338280676,86.18518244978014,3336.3879632778694,0
92.29273610555973,2.020833996264406,95.76384770745756,1658.091050553554,0
79.95490282945318,4.05170302877346,99.07732894347527,514.8921202605816,0
79.71139006822912,0.781824559570592,107.59708232682435,4533.4359226888155,0
70.28022187025877,1.4921066975799107,108.88872435509089,9603.547319934225,0
67.82773841781324,1.9256931040093321,92.29106348199134,7997.66393728401,0
67.90591172960391,1.0122284533567332,116.60826747170873,19429.98063525118,0
73.90530596319518,1.9092310511256538,101.18698782751602,15844.912903839047,0
84.01186275033896,1.7127923834656413,101.92035972824615,1563.733654957291,0
71.8131421786142,1.2486944478369404,87.05845212009338,3178.64765066596,0
60.885563768627094,3.318731532459262,95.03954087903955,531.981037497129,0
78.2442706238498,2.9154171745480055,108.39859049225983,2764.52722876513,0
79.21150746394792,3.421435032433562,101.35822770170479,10588.342976525806,0
76.54659528447786,3.6308280136302686,100.862517810023,1534.7607065041834,0
77.45498906524983,0.4740149816199161,101.81737736460384,1197.3589462025402,0
67.29071869842191,0.5304436235940556,88.45436555931161,2363.2300859186817,0
60.710108328694204,3.1256989604327146,99.2271315727881,13388.272901464268,0
61.3180656935922,1.3451192508183702,111.26664284238097,387.1624981621968,0
53.64536751542142,1.210106625275318,108.69366097652394,19392.52200388125,0
72.3694861154595,1.0632491021922394,98.99840446307522,7615.725270291052,0
69.16551216773406,3.504081562194845,112.50934939489244,6731.747220474409,0
65.60012295470291,7.112836693140175,89.92721194585285,9496.256679357259,1
40.4438117565493,3.6177126895462752,92.22641868114992,10357.235892332612,0
57.52682530305831,1.2961883762589193,114.90897901725846,8400.267779276677,0
81.20840651403167,3.382397704126542,104.62378494646819,9726.517616286214,0
63.35373999936869,0.5139901050407812,97.68890126318149,6794.678014985724,0
73.60591677656842,1.621182520923113,99.55745147171803,6440.148414468645,0
56.09314570024743,0.35742275637848353,93.54695109498253,546.3053023052212,0
84.38705482359231,1.347168190558875,102.21274081445956,13436.010681540953,0
68.55972339945323,2.188161327967354,101.57910757049177,12345.439591304757,0
72.90040396483535,7.979008853724921,100.15907767890153,13376.407547444023,1
93.25779791881685,4.273397234357812,90.72195027831123,18821.101081299443,1
85.16440100589404,0.36559321047260823,102.11804888855129,9461.694793376028,0
66.93434378712942,0.4054965232988408,95.76390854062375,17635.408686044837,0
64.06779815129642,1.018203400576234,92.1121819160865,8878.864937156965,0
66.74454988480468,6.075071583832108,110.13393993229889,9552.280549231233,1
75.09898248476536,0.38453678380729645,117.35777086268207,12659.050354297791,0
68.94775865749129,1.0702706555518295,115.54096103055709,4318.027987712374,0
66.04755854996529,1.0653970950019374,105.20098211009828,4347.122451142067,0
84.67181250709042,2.5831861602540465,97.87531936736647,10196.636884392281,0
68.85790108222163,3.442380965479106,99.43715533916303,1372.196354405877,0
92.99589093037319,2.935789049823224,103.2448181076982,4733.160988479879,0
70.90742563752173,2.3270893351725936,96.63801798031048,15868.24307161883,0
87.85318394224727,0.49257451173681555,110.55048048097916,9274.668546524792,0
73.57319422710627,2.0660492444967256,83.71418004537169,532.438670982327,0
79.62960573249448,4.7044022313384195,97.63419556810054,1214.828367245786,0
62.75388948482276,5.781049688520237,106.40857193653856,18390.30757145264,0
61.46240777412588,2.5333262083446226,93.23872282176143,19134.368966805854,0
74.59705955014988,0.3695359813813293,98.07880887057733,12822.07675643167,0
79.88553242465315,2.5646975643855368,104.74914732994561,3698.9021708349323,0
70.40256502000463,1.7086277806786518,112.14615285630236,7361.724149050459,0
57.13606664916303,0.4362142954533821,89.64849374267004,6109.341130426087,0
56.39741633710673,0.7400092361283207,89.05540409796112,15703.126416428751,0
55.72863597813759,0.8738683903654398,92.43175849728128,10741.793702515302,0
52.32377887060619,3.133335934598172,87.69971319593472,15593.130972293939,0
71.09485359447088,5.6196714315660765,88.26897235670823,7210.212204299995,1
81.25043921708026,2.8022700305238604,92.2187104184424,17390.22926953413,0
69.86584213075191,3.2038900726780817,109.86794838596794,8583.247494589543,0
47.395852426621474,1.8034291971207215,97.50338545544994,8347.481367624878,0
68.09239539665451,1.1942639673115159,100.25100084925285,9781.968760449749,0
68.37201003367393,2.857454128017132,92.35628594596658,11836.115074088268,0
90.95998750225439,2.3498548985142467,105.06829660051666,17882.237063162564,1
55.42862087080444,0.9480338399688037,115.00611222266218,9155.110895947742,0
66.09322397400804,2.235298821552045,92.89896092768463,18602.724744279636,1
87.05852680544564,1.89563028654274,113.79798696859787,7873.366707337604,0
74.49978341346548,1.482731917532411,102.91539506534276,6491.453890834316,0
75.63313073516424,1.1591112926109797,100.13490799430969,5900.912146375746,0
71.14584437023878,2.5316281256148008,103.20099065860192,423.0400939972845,0
73.29943538657264,1.224014355513796,103.12421199173612,16982.878812277126,0
77.77609530278536,7.119045854955095,114.85683535250595,1584.6747552526863,1
61.90513681107234,2.73505992425297,104.1617658545738,6686.627051745378,0
78.780585789082,2.562608812497281,104.32885736912777,5009.135727744625,0
56.26996983114461,1.6564115114673352,96.62800144029964,14888.734683864432,0
73.28367972831538,1.3795683419005245,106.71261709171523,18651.74351341796,0
71.78740963286327,0.2790974987822106,92.34522421101612,16334.195678576874,0
63.83706911807892,1.0048924894767866,100.87203191663676,6399.966595145054,0
69.77314724674353,0.3604156902734361,123.06626844624662,9115.146870618582,0
63.77459847334447,0.3549098308045181,79.96648064282967,4940.737928692178,0
59.28298673138256,0.638113378209937,101.86517597068361,18479.603826427392,0
66.46385258386356,4.37527321195094,102.17298336703118,2374.891491797595,0
58.96011364628339,4.3608546518183235,98.17528766010238,19039.08911289413,0
73.22797464093249,1.025743979958339,98.36384591146056,16273.136548320093,0
58.499145058476365,0.480374472720445,100.73127818529187,14231.554250526206,0
77.11977022991051,1.3289437619129834,97.98397379628375,15479.873133000705,0
58.1852093207118,3.1109491181326496,101.77583783056804,6786.936138040945,0
64.33705084418993,3.77941019806682,96.09911435346481,5917.730148142244,0
63.75396591784821,2.2114715670110514,116.17914254997663,7628.417311353044,0
83.25146728874839,2.508463272202585,97.98389005362118,3632.2649684150933,0
73.30289945616592,2.3329731855199176,104.55689126099773,14927.201703922075,0
67.88266197455606,0.389934937543931,94.64771120125427,9500.876740120397,0
74.98719441069723,0.5309326473874589,107.46514424320918,17716.199166394337,0
48.92807652670312,5.774431414310931,105.86774229881068,17567.63018553705,0
69.56866410359092,2.2036861686910534,103.35408189225735,3117.077571650897,0
89.97514177804763,0.20254087617072028,91.78131715025184,4376.365373475725,0
71.32346506402672,2.619521304677514,93.98077567549183,8212.80451322253,0
70.67913169169336,0.8363102932373415,113.48938388596945,2376.289192352674,0
75.48128379642196,3.9909741953263227,93.89221033831457,13788.67769520764,0
78.95605243314346,3.701640691767314,105.12721736170003,14751.913106730106,0
50.0253330711014,2.9896974108926573,92.44262935854958,14427.007175918634,0
53.17673518208973,2.1848347442202516,108.06706588481416,9404.206280361377,0
72.10291291086146,4.665374758759813,94.50882114002093,16864.324437346706,0
62.8512343810249,4.9898736734527676,92.29449689968,12116.914934772005,0
83.12025262219915,0.8564239658526281,94.30126018642478,19872.23552373219,0
66.84825610114775,2.9664908943734596,95.56957922671181,16308.764362183581,0
50.654692642868824,1.1702192496979271,103.23738683939376,14445.176315661236,0
57.31986083156003,0.7458194123527878,100.55506964910226,2466.056050349821,0
42.50323980369424,4.986950077833525,91.23875136069735,16652.00075263362,0
67.65874462717088,3.3106882257207872,99.77642388960943,6111.444313160985,0
68.11615872735617,2.321542725592971,90.85198874167124,8378.285910897219,0
65.75537290218102,0.9335855446251496,105.14845892000784,9255.2056924057,0
80.78879039029738,5.086273552604246,106.61522319097925,6626.210579574196,1
81.98519836516694,0.8251442338833839,99.8084212916051,2168.7760025891303,0
68.29611576643889,0.6605248869074275,102.17322722394209,3987.276957767065,0
48.65306332523144,1.900014858227887,114.01699288531528,16069.329088645252,0
76.17281580492258,3.1105292340052384,98.73917606086304,13045.402644634294,1
75.55360228508576,1.4390932979464475,92.44593639959288,18856.829819321985,0
73.09391570156944,2.1584194286309017,104.63356188750232,16421.367073029272,1
79.81479749308116,1.166052443598844,90.93876987387725,8044.404520962305,0
58.3517190353896,1.2808598986218853,98.31544829381646,15724.123008527435,0
90.08755386185139,6.212535679218847,95.20807963133186,11528.583849262342,1
60.40572246858132,1.7638905992081855,94.38544133432904,5726.021656499461,0
77.49222927200854,4.8696085035517225,97.99929923484392,19501.786266714782,0
53.126523055866485,0.3404673093739834,107.19913060971265,18569.81986708256,0
60.69735312729949,4.0469484041566,108.84535030659349,2243.9690758491506,0
85.16368646725336,0.9752618455883392,107.40964690472536,16788.429633273005,1
67.3910017699915,3.3673442307488854,102.69083271302732,1553.734395204054,0
78.39922605132799,0.9679979425828843,97.93826750889875,18576.38387543811,0
72.36955388719247,1.3586723103766034,81.13740003680034,12483.3208562694,0
68.95041843999827,0.7249582663996893,102.9412879462182,3331.64488894663,0
83.6385032493269,3.4130625013898155,81.7653462019289,16345.248716158756,1
67.633411753481,3.796454869276311,84.6130617882159,10315.63681527015,0
52.19261892436529,1.0038003200120795,98.70665875370442,1190.9974936084789,0
61.96759908048295,0.4467970763944229,102.11661795704399,15968.547695834675,0
75.51191728701694,4.822480919479815,96.39132076936592,15766.76377978373,0
73.95509106362508,1.1124828927156865,112.28424918875174,9641.198937002939,0
54.32941749764562,1.6919132887874337,103.69681326014805,14622.193329885256,0
62.75657480591799,0.8494722983588826,98.00473674563794,802.966580261355,0
64.18278650797754,3.1840550402745342,111.09047956145436,6362.131936295321,0
66.34530405885775,3.2409405973756082,112.52090678051273,13464.447651219822,0
56.240864113984486,5.369510361283931,104.10046954779736,4612.114510494063,0
63.71628891880521,4.129022348967817,93.79793872194003,9008.227593426353,0
62.71389514740473,3.9345990057881775,95.59783655182615,18638.935175780203,0
77.7153325976192,1.8172608618580217,88.4260902960533,16535.035571460794,0
78.09121310990244,1.645651249968666,99.6606649615959,11159.930953254117,0
68.54189541911184,3.152540781172801,91.59966846844374,11534.326617290122,0
66.07960204129269,1.738212651222944,97.36740184642785,17740.120346059062,0
71.39924312039113,4.226751213362149,102.08480242444129,17261.182042054188,1
61.83424892544425,0.8006149175443414,84.13033086396848,1765.9346876593652,0
58.53167917832559,0.332535801053732,89.8900698518301,9311.547609957028,0
60.59778791074283,2.892961270540721,95.9452155613174,3817.073071428814,0
63.651868360285434,1.2355179192829036,99.57978105021462,1664.3951417568003,0
58.36526200207729,0.6903671671599066,96.04887360209514,5847.91017354992,0
71.62059559062875,7.660280148730141,97.83585654890898,12212.876106906151,1
77.29715673783708,1.951537126770543,94.35050243099553,15887.406417130605,0
54.12901699201758,0.5449947790460193,88.40480126553099,18249.527390514766,0
70.25128711216033,1.1133284596160473,95.72199378086641,8459.122695763595,0
67.80064204733664,1.5358733728371692,98.29465180055756,8446.461466221897,0
73.41508685536803,2.8497920412470688,97.51687917115001,3065.0509569840588,0
69.87061231896412,1.118322785901335,100.89436735037162,3896.8256765277156,0
55.464007200683696,1.712184246384241,103.35115656380158,2049.8978140162817,0
57.376107011428346,2.3818015282341882,105.45380981517336,19518.01092643856,0
70.29423575584973,2.720311642404442,94.93159331590887,2551.9487283087037,0
80.28780919745509,1.8123478554561312,87.39362556864172,15132.849011676759,0
47.85812628956997,6.146933163562358,110.17277092582886,6355.285803335646,0
73.4572657980158,3.208244131472315,103.0835673248887,10742.955989406237,1
81.89622005287643,3.082627332064389,92.36270119060849,17454.20424208527,0
68.46974123793787,3.0023615719840993,102.22164045193936,18723.349029484005,0
75.50202496026441,4.249258057364793,108.54395786614499,4804.606377316835,0
62.96930919102198,2.264234099938396,113.83341220191514,18225.388067201675,1
68.80633800723123,0.7883361890618882,102.00488220926185,5041.0486879836,0
53.790864816918486,2.626149501053399,108.47736509879888,16095.94405260214,0
46.55656691581126,2.8735458226371784,90.32318342148221,305.00753716975913,0
79.42765801225275,4.709669579591446,99.71277798722659,10704.62952538089,0
60.15005072275558,0.7154650885032648,97.31989880594945,14516.253733239177,0
65.44472154996569,0.8898897291847429,102.74055881363368,16778.77937796484,0
56.13557746729807,2.000821506431434,112.88955148348977,16822.57772789392,0
55.900302969161245,3.0640410059990244,101.99911515423406,5977.356668401939,0
68.26162299905384,0.5938609385834728,92.49847408586498,17062.99218961979,0
62.70422805864354,0.734327173478922,89.89249136092894,6472.940555071169,0
73.77970997994699,3.5965303777331576,113.16624050203151,4675.347356690775,0
74.52538418979591,0.6185518546610376,104.11034729908187,29.465394404182277,0
73.20849646324608,0.9012269869715132,103.58465077580045,4714.305102668095,0
72.38600790928443,3.757530385367488,97.25014889153464,2368.7764757879704,0
85.77768204931886,3.0320227859928015,102.14289427734275,13498.732051979918,0
59.32406230955114,1.1284448117448092,92.10432075098552,2895.752555217719,0
69.45065133797083,2.78558192652382,103.09758684562921,11707.670354891317,0
81.32689820519589,2.409350352490429,90.60103890740778,2529.3551945044524,0
82.64539809338036,1.7571393224690965,97.12569243977792,14088.370657236905,0
55.78236350655427,1.4096475559398558,94.85685481072476,5710.910032957335,0
66.8764455834413,2.7063274514242277,73.9410588586674,6173.927752267814,1
83.5812109586726,0.673399345614997,97.22585098773274,12807.706302301107,0
75.08079105199066,2.6837725856086845,92.80906860429657,18778.906474202802,0
71.95263031479773,2.245535100295469,98.31688092887373,19832.0209991395,0
67.82315306565343,2.3680668963190157,100.01378240385483,7145.272231331661,0
66.16199074292254,0.8655765696691324,114.14345554385267,18926.531464337917,0
72.88219063090324,4.790345678280573,102.43767197726007,12246.429366042892,0
67.47625875015517,1.1318214504035635,102.67290106386831,18129.37152128252,0
69.57421378955556,1.2895860419221787,103.96491068175396,557.0429632288087,0
70.78598706115038,1.702766651761086,106.974468097929,663.4570369585235,0
63.21928471506501,3.026979436334338,103.63423563083614,1491.4795540817072,0
75.32129373881438,2.3153529910548953,102.25370419539296,16087.860038676114,0
99.14244648415419,0.4292810437702185,105.68997534850514,2759.129559290949,0
52.230133606739244,1.929940081260111,80.58692463335117,3531.7002327955624,0
73.2401252418998,2.0557066625337455,116.7124126662306,11707.998039724911,0
62.39809911381094,4.869540042650155,112.71783875770718,19148.91724137912,1
75.7740257751925,1.515388209483319,101.73708601487432,11342.249741608794,0
70.46557473327861,2.8413923983477365,88.69594839672988,14651.916017387444,1
77.61854774042463,10.01746010347232,109.68280345994356,3754.685269803568,1
81.75506576508779,4.313447117299159,94.44898800748231,18283.481062972867,0
71.92421117768181,0.8224370698659432,104.27072813259949,1117.5329713239557,0
81.32052288414178,3.318142833499792,89.73675518571628,5656.380166218931,0
46.55702106211322,2.6920164673397493,117.81125519178498,9074.483826588046,0
85.90452297916023,1.4750007061380255,88.46226590313104,4523.443094922434,1
73.7506215189234,3.3453891503375823,100.55188856253201,13275.216282259265,0
80.77843355745182,0.8110708570434827,83.02250228390805,13575.848664074238,0
57.801242551584785,1.1517963632074182,99.67022038242942,4237.160372307627,0
61.69230118394664,1.7171047524341005,96.5977183588938,171.82537463740434,0
71.45938294144774,1.4197204528818135,109.09746715124773,1486.3449598130462,0
69.82962110662537,3.094596151809965,96.59696454726507,8.557700545512859,0
72.83068588009989,1.8892402812997038,109.10898866277064,18107.874309947118,0
80.84515160929966,1.3049353708927753,91.80703545929063,12433.31390444085,0
52.347796846971505,4.2646957930882285,97.74430717564205,2768.7055074038967,0
79.7381907171731,3.012058247406316,97.90470321663595,1850.2584439688064,0
70.08281909957927,0.5225727122967666,103.96470604506334,16351.897289571029,0
67.96218138875452,0.5121742827222795,102.94699541125645,16220.79191552662,0
55.2888476561511,1.3126677444155057,105.77780123938689,18547.592804285552,0
75.03048668376866,0.5903333027567393,102.13464482631791,3185.4696250894585,0
45.85892148968963,3.807139938654018,105.29051861290492,10445.49520319044,0
76.48394011238713,1.199135742344402,92.8170885704549,2429.5211340486953,0
55.07894164527008,2.8388332291063976,103.11038933504987,15912.791295491932,0
70.53457912617473,3.28559304227723,112.86564741956545,8249.695676142896,0
68.8083116267208,0.2827597458002686,86.56005786089922,13916.511131553381,0
81.69538147293883,1.2459740332753206,103.91206363975142,606.2736446143035,0
68.21344830986109,1.6558120703800674,105.41423822350494,15558.61994183601,0
63.05861438854335,2.3918984625019952,111.68949101977347,4589.725695009437,0
64.93397304028797,3.66020704896678,105.80837546632168,16856.08715613329,0
82.72882768754664,7.885681596697823,100.80252753726967,3717.169678365737,1
75.36296969180894,5.7454850415033745,103.44058556408031,15801.944751899708,1
66.14370018476839,1.8718568096362291,94.11969732350927,2682.1146335981425,0
67.63553580035486,1.8546733503954618,96.89625542113804,13268.344766341177,0
54.32822909414553,5.349530444157654,89.31437728238404,15585.17450418963,0
73.88474200851542,1.9518414594267275,111.89623611475379,7724.6570222433775,0
52.40184292304534,1.2223795402556716,103.60125855160676,4886.652278092196,0
77.51796465835456,3.850444382174766,92.67110031740309,6890.551892869814,0
71.28621592491265,2.4780776541456033,102.17085570130068,5931.833179699015,0
93.86951799573922,0.5039779649107552,109.27478167995466,12661.332607099244,1
58.99864446275694,1.526168615829649,107.94233860363508,891.2348896010358,0
68.97337908959366,0.6088430749088507,92.57889109466879,828.7277088409218,0
87.98287700923063,0.1128162695892416,74.92928947296362,5755.45159708468,0
81.91389640291415,6.279317277865134,103.16308867917104,5539.46723387656,0
63.037879484201,2.1471175264491547,92.90504294529413,3541.4047634856825,0
72.23967428373447,1.5723584442729912,104.978620047844,14336.298931774347,0
70.01999356415087,1.3042647506022773,107.60216310668993,475.25847537587265,0
72.81955867394157,1.9803034268421387,108.90906488930706,18484.695387808686,0
63.0131956401517,1.2905615702820101,113.95792388782826,15149.736529260896,0
69.10679597299266,0.8362413008314034,109.89085534461843,8059.154042268712,0
54.01947624723286,1.3547772945154068,113.99639063027217,17178.688398695358,0
71.35123451868083,5.001423531439186,111.03248274588265,12363.070347872916,1
74.50020673421832,3.790161183044289,111.72974059217734,11404.591231988961,0
67.72580587356116,1.3562307456392677,99.67305488561782,6260.357218921333,0
53.84949109415212,6.70422876941096,89.68538855014098,13262.093472372924,1
79.88531862851463,1.8546241993004702,119.8581620358593,2793.894221690103,0
73.64525037992803,1.0136997656322795,100.50362348172816,10497.985887566785,0
62.73984902299023,2.5592049751083583,109.82966451179388,2322.2012147928426,0
67.19399553161936,5.538489178378483,95.59780135180623,8902.938825074414,0
54.993305972181616,4.842756179618996,107.71137954036512,12325.424194043566,1
59.74589872222096,1.0581539320088145,80.44029339968027,3110.068750780111,0
64.6218865364286,0.6881215357617351,96.71645287199237,4442.392241552151,0
82.28420812280152,1.4597828868145597,99.21271133286169,16265.154502341533,0
63.60496609112524,2.8762511381336355,103.70087014644149,5114.257344683557,0
76.4021365932876,3.446873976296213,108.57619741280887,1911.1211613694556,0
64.6168379713842,4.386677059699064,91.24685662695748,6613.802425419874,0
72.47947560851875,2.2362608540760585,105.27974551136163,18702.798806141036,0
68.58604497856197,2.291273206325204,109.81333581309393,13875.651231388028,0
78.73056600092744,2.175210075899555,118.76729266203407,11508.686405011596,0
64.65188661781443,4.005224713924238,105.65302387070027,16808.392429955242,0
54.274717499975594,3.489389745556336,96.32395214815023,13203.745000637287,0
56.18050968636368,1.0252896565170289,89.82588274313392,16222.908976115232,0
64.68122506057243,3.1967578673447243,114.63361838292184,13143.140043871064,0
57.50940029321947,3.829739415525542,105.89873548474354,17285.156403415516,0
74.10212015679551,4.0413079495229045,99.82419494735808,12480.163510306507,0
65.34231835141922,2.4801229427882734,87.04145364622545,5297.497387177663,0
93.74606550026431,2.3821166208726257,92.55052839281558,822.3628570239838,0
52.62285404862868,1.917180012894422,105.0505623101915,2106.4049384011764,0
72.036331787098,2.072683854213654,102.8306641930072,10248.915712358474,0
58.72046976494331,6.0341760670730915,84.42934752826837,19435.367611899575,1
65.06598659617322,2.1255510831336917,105.06090045201462,15189.233724494474,0
71.41419473340544,1.0978125633194706,87.45250841424033,15508.853404130226,0
46.74628625125713,2.518627422749768,110.83207254881808,13275.742438939218,0
72.36826116788028,3.399699276244635,101.66844731923966,18069.762652778434,0
89.02907462274167,3.927436843025707,96.2926284100056,14709.186390841334,1
65.46561701631407,0.827519947813526,107.92123471288538,5167.268217423629,0
72.5980785680551,5.2312397468908545,102.82799430756627,9989.645703415152,0
80.249216931254,3.3112726018692635,110.59942086804014,8086.859926337375,0
68.36046499973004,5.0352059969040015,100.64380490711653,3307.816362174909,0
64.19039811468517,0.56768512605135,101.11055493124572,4447.54129481395,0
47.24263596278248,4.146820893988754,97.71799653921673,5703.135764654039,1
76.40990719394973,0.7913850917937852,102.1037371421373,3472.8732998457244,0
68.86831590271103,1.5991511321443002,113.58360703831403,4346.167984714629,0
59.873161486118384,3.3868864358790254,95.97788663951165,18327.8672204756,0
71.26596710277694,0.7213474477441103,105.18364119464509,6864.784164186899,0
64.16319643193819,1.2822558971867226,92.95645133593639,16550.333791668025,0
64.71573868884474,0.5572857984840603,83.46614305857241,1287.7988865520783,0
76.06291156108708,3.324642432943697,101.65966992296087,19636.187791856613,0
56.61617588676155,1.010416403016109,102.96324338775538,15295.834825792786,0
80.47315286073759,2.024520535574129,99.11958984446012,18134.321341472187,0
56.023138368815964,2.695651311966578,88.03212023382211,10518.22743159128,0
63.37298591644736,2.4977768418961928,102.43440859713297,12690.758364006759,0
89.22946194066577,2.33493973729114,102.13050907311556,7216.380586785341,0
81.27354761642422,2.3316016071433356,92.88975495125942,8640.624419476686,0
70.9760399249544,0.5950772697640938,89.17206742821584,15014.856286571152,0
60.594697844987834,1.6694545827461094,97.98089657835226,999.3727999781044,0
64.70727693300107,2.316280043887262,105.22343397422215,731.0267079917465,0
70.73275314585696,2.1342419656551366,103.33323785433592,17498.420954570032,0
70.37523232339598,1.8232097086604577,92.95330401732737,2200.15280098931,0
69.09129070374037,1.1321121358683832,101.09540068017606,14420.598986797462,0
69.69167485915816,2.4583829656925746,107.09701124380453,3990.8559459503067,0
67.85624890294886,2.797199775475357,90.61867432586548,7324.177728370529,0
55.58021264359987,1.4259468450058603,100.50524294434555,5870.996388816725,0
64.83489257839167,3.946072114368618,110.71712784136699,9806.709797407826,0
79.14624053986847,5.304125949867513,89.80054275764881,16533.22973173615,1
56.316657024488826,2.0549507638981757,109.24421032839606,17510.6818169545,0
68.10444488460722,1.0450523936829534,112.95349961857909,4440.890503877748,0
61.80246071229156,0.7129884154460654,98.2223557986329,6752.96998318979,0
71.11350429398111,1.5808942740827903,97.25593104786975,16738.337183765838,0
66.11366818933182,1.9427342937262537,108.26475535215647,1792.7000387102576,0
84.77393664974669,0.67771843058347,98.51095699976385,2337.9367707057686,0
75.06583154190254,1.5428478838131758,81.17498639443926,9591.628393763052,0
56.881968342227886,3.8064731164306025,99.20964324248337,15802.8871222395,0
76.71228011613698,0.23138547338873094,103.7632317455565,6719.523621697685,0
62.25348143737937,2.152646355672656,105.92067082865974,1388.6381898050358,0
64.23003628622466,1.2758327264996856,92.95496668198462,19357.350944129543,0
73.13819020107121,1.9886872928030863,97.84159104421913,18778.226445142107,1
65.08252580269865,5.4937045711261545,107.81525811321839,13038.028326172016,0
78.92855816322955,1.918732202179497,99.5200110286933,13637.528262236296,0
62.25489938486604,1.7131970446629532,87.7700960483127,18673.907027042627,0
63.81053447408637,3.177638877442254,109.90110407696301,12877.2682946813,0
63.43629106451891,2.482828076601663,98.28711182098203,15768.24858625997,0
64.34361251644961,2.1594987742510514,108.72975021745104,9270.317373108366,0
80.99191555547813,2.547864023754426,88.8363464330676,4560.051962976557,0
76.28796293610303,4.522972470705824,99.03210601928733,16650.64303579148,0
87.09943954012071,3.640403872104239,104.07788818941788,13687.638589560922,1
92.67644203899255,1.62295427586869,99.3028411079921,5791.243425857076,0
59.6928296806766,5.301808878964905,90.53595038143206,12465.511023216612,0
70.70419127327288,1.3404779502125301,80.90557354525188,16329.679642890447,0
58.237996833565674,2.1528644859005777,112.18612103602688,5406.904526754171,0
62.22394072251733,2.337882681200335,101.9843056152106,15363.042174438144,0
63.69917489744331,1.5630839303065895,109.3344084223291,1446.867779836436,0
59.42845125861726,4.9270584273864335,107.4293527948836,12498.976482818536,0
59.481127271015865,1.5021672507281154,104.77477460895663,19978.67250408592,0
68.55715621479744,1.8059424031807632,97.42930115882346,17327.494747979,0
57.832815816135934,4.007067585708403,103.91813540511303,17513.16104579937,0
78.42126959137633,1.381159035203494,111.4602955709658,13607.143056765468,1
60.82246462582486,0.6512450895823061,100.66408742619005,9223.742551916905,0
98.09568970096393,2.198588653609976,115.21360835519351,13544.310639187,1
65.48615549035605,0.8449441876969922,88.00462490826516,6423.846742242603,0
70.72017641917053,0.7621774627797776,87.14473110990042,11055.370748379042,0
57.04658815533965,0.23812960931970287,107.90460171615516,10793.598208986152,0
87.06091758127639,0.2795814627788441,93.45005650783297,10874.607018469937,0
81.19500680802916,0.30546493143073533,116.34669536343023,8239.751809037294,1
72.96915870736113,5.76687654770374,110.69873096986355,7056.0366072261395,0
56.53197451220434,0.3040621067759836,112.70057205406434,6607.090287079213,0
72.1066687772462,0.8258179507523691,107.07549044441001,4494.6171655894605,0
58.78568953982745,1.829312978494208,92.62733101063765,8770.944898756972,0
84.62355263473361,3.0802472914363537,86.72526719891846,2354.9130727095903,1
78.09194731853172,3.3031280349486942,111.96235735351217,18031.47084641876,1
70.95439038487736,1.0456168389534253,88.00345435190354,1393.6759942723697,0
45.636243367526774,2.1238040857195637,112.67908550182017,16748.374294971334,0
60.165840213409695,1.7887420766358326,105.35691808183485,4824.968167287613,0
76.87761131599872,2.0349143695631735,99.38997876943918,17064.383589558383,0
82.12883691723155,2.2403771748776187,103.53638147468249,14405.323894944573,1
81.09169811492131,2.6891787444462154,103.72232748359279,18419.5024252412,0
54.079869977585446,1.2563562670644566,98.38071689130336,17404.659482871193,0
73.01552306812904,1.511255966342607,111.40549787935451,14021.750471368186,1
80.1551521648293,7.6649034052791825,111.13120688479627,3033.5764618375238,1
53.41664434417755,1.3201118923418116,101.24527441456753,10980.906396092609,0
69.92095484626763,2.151793273765737,95.20004490639757,6796.561072509028,0
72.73842398308456,1.8011154221643217,110.44763235523433,17715.512712808482,0
66.99235415153265,2.0898649652381285,83.81951695888944,17444.569881095696,0
51.478381445987985,4.078959417072004,103.55114085609058,6280.749047974216,0
66.74301889926271,1.7230699593256507,105.91660086567137,13433.991585559894,0
66.72694569744976,0.7328204708780618,93.3731853217759,6765.696541144268,0
68.51927595452246,1.237756733397354,107.79028389950118,13563.809907826388,0
64.3652857457493,1.7260444557590502,99.78891310946699,12277.420887873697,0
65.56987846758533,2.293721932536208,95.63439902440706,10218.959049041585,0
69.60293717653022,1.0498583489422275,107.70578671730938,17568.120281352545,0
74.42454604969711,1.1502541495606633,91.314524570418,4921.005313644944,0
66.95573237143333,2.3548144147042893,106.95354669251104,15949.333285978371,0
65.90351071631999,2.414136750654391,84.14123028944596,13790.154459445857,0
70.92354038254459,3.6972270649657393,102.28563557384958,5625.35739541391,0
50.790840741048186,1.2250561630269587,100.35075164970796,8433.715092217979,0
74.77035127226458,2.8775563316615558,95.68243386507392,1380.2834104616113,0
69.99436902877041,1.8036939360440596,103.1169989431121,11951.533154065712,0
70.39693526597561,1.3730047913488277,99.3634389650577,17757.818919510217,0
79.60734307594464,1.8488705282755729,108.43756501844437,2356.368467960421,0
50.47184469951752,2.046946238821039,104.48120791042749,2639.969200119647,0
50.26166130141036,0.6605249958123677,103.62155386299482,9491.337049153291,0
72.73803845323519,0.7109421838308403,102.33488962848163,5624.602081156749,0
69.92883144871485,3.1549676989042776,96.22266834762367,5538.578228275983,0
71.70176943191932,1.4821775456460708,97.58557160019443,12773.402682336173,0
65.37872924827555,2.3058218964691943,101.98572672176711,8205.127549285784,0
76.6435367423993,3.090777635431326,98.61312410314291,16892.951177786606,1
79.3263884299112,1.8572118874934544,108.89162264346396,8578.122414871674,0
74.83982293951527,2.9144059677622765,100.74760151635002,12305.509632821426,0
67.39171541595417,2.0566107734925168,103.00773286260105,7957.827577366705,0
48.92310612385597,2.1280066346672037,88.77852852883551,5120.469943394508,0
77.69236208037128,4.303236333231571,107.54584217648302,9426.642129135067,0
82.21728666217592,1.708609686776233,95.35061125060525,14409.608521819384,0
76.4455841198398,3.1799291948842607,91.65877134162629,19056.182813509386,0
61.203575726324935,0.5507405939324233,113.16948807290058,843.336518111959,0
76.73794393667758,2.2462970579569905,105.58097217946073,10636.538953619574,0
78.60529707961446,5.03778193337587,107.8167657511342,12719.32018371866,0
85.58816247799086,8.021183952520603,103.63596946325855,1714.4105347770578,1
61.23890075772042,0.5794559839932276,99.25479363277032,16583.42047844714,0
67.73545415455861,1.4763364050034897,97.76316793554989,5519.0399731609905,0
77.47272051143455,0.862178872577496,106.23288148365336,17498.23891915635,0
70.57410071438157,1.7607472791796435,109.06015233790635,11052.139235004319,0
58.826723979487255,3.5387890125595303,99.45453001659324,3041.578553639035,0
74.14616285026703,4.4062436329600345,116.58034291760642,14784.417804381808,1
75.78661633815167,4.501242440383502,98.42145160231352,3144.5700524010813,0
70.87962896331003,0.5280341963589759,88.84793244088021,14407.568776965958,0
72.19584927179945,2.0143046618841036,86.22781807204818,16163.964387787897,0
67.4129409831427,1.2046794773316163,86.49779705696538,11510.582902561331,0
84.7827893571606,1.6836648989325096,96.68950565942004,5421.848919862858,0
60.99307816287323,1.3475653646228813,98.14385583109774,8746.755272908216,0
64.12679237236222,0.5559196231836391,105.46079710143913,10560.409099420125,0
70.10985513527525,4.43488201587768,99.77113571796983,13315.621994456456,0
78.78954027700892,1.0588339749085225,106.74696827707348,12678.51076533805,0
55.026268299054635,1.2234812842902363,100.35914266098261,8008.486587251262,0
56.89703250234561,5.05770200236337,100.10817140901493,15163.327349209587,0
49.62271492265282,0.4608645623719257,95.37988100793243,15428.327298710086,0
70.3269522525327,2.6619582389063607,111.38070768318251,13926.623981659915,0
58.81694182793456,3.8769905424839015,87.74812562737604,5443.094084137688,0
66.15449889982084,4.795881078844252,102.41048232571106,9387.92573429325,0
76.61378189891708,2.5350590355508293,98.54679630600613,8655.140042865984,0
63.584572792171535,3.2200666235209585,106.254036780036,16335.844718897308,0
72.31282022743365,3.8755901874446916,99.83336479075321,16163.599618689632,0
67.00662092248278,1.7817353676316008,100.0691496449272,17321.618092515597,0
76.72114315096437,0.9339402240171344,97.86688302152231,4623.515627469832,0
74.75128067348008,5.309340136534194,111.14605123305599,14969.091339747656,1
63.0806630382539,2.985943137438434,100.01924708048232,17407.984173514073,0
68.31348246599548,2.0125713234982374,115.75720969290778,3329.814821267243,0
80.43743397720495,0.5853221103099935,102.17797665302028,798.7412124980198,0
73.93376870254097,0.1794834149209721,100.17407872637861,2110.1709691184524,0
56.030379422488686,2.6254371927201277,98.83738432116449,12124.047534037334,0
76.55618061171383,0.16404008663372507,104.51397519748143,8432.9574091117,0
59.15389377563762,1.9963749294155284,95.29285301674236,3901.0272785578004,0
84.12513069961005,1.1011667352104775,101.1659391923123,10566.071435136568,0
80.24098839841025,1.3448559395129964,100.06509611286255,15710.450285492827,0
72.898854759184,4.533662543369479,102.60198159412151,17116.35361393959,1
71.57232843436194,1.110077406768927,102.80024261009405,15034.419655909918,0
67.9096774397258,2.0714113342427964,103.21595904147131,17710.22789604369,0
76.78523951400028,1.1151659899313318,100.75923796938633,12083.70797436787,0
66.29221830537938,2.4545556008246217,112.551547938795,16741.473615663286,0
72.35569870639894,2.2109282773588395,103.38055052945987,8343.741847250838,0
78.71934366519451,1.9973941337676666,120.84789030687463,17049.572353153744,1
64.3819345647441,3.8852290207036635,100.39881126852698,17916.263776340355,0
63.83807260009306,0.4620547829098428,107.6713063396414,13728.16121436819,0
58.05634519275541,0.3403637148237177,94.19160633300255,8620.92609298743,0
59.35527253873828,0.6939178931156474,111.20631404249043,5633.4782592214915,0
51.71604688558497,2.2191290727480024,94.36572850580424,6503.58945895132,0
77.2982878901553,2.758954885745569,103.64702414364876,2647.102041468856,0
88.0891454208277,0.054189647586977335,97.88458238748699,943.23610521583,0
84.25328943470305,2.733496710934396,103.61606237693506,8288.360921962245,1
53.73915511373484,1.5056584457272564,98.12163010502807,853.3737111609207,0
77.248546715562,5.399487992815563,93.68597684863028,17611.760533964545,1
84.22106349923557,2.593776652728832,97.82726168161773,12999.16180445298,0
65.43190019261336,4.9919209524585755,112.33264099313317,16873.34492454538,1
71.01447430650049,4.383927076200598,103.73821014804118,8888.333214984244,0
49.9210694919533,1.5062957117163809,89.68919976096694,4479.058873506998,0
72.66736167976642,3.5492845747972344,108.76306160992048,5805.576578699201,0
59.36440270565282,1.5037059415453777,92.86788655738177,17094.66241248285,0
71.99635017911514,5.844401985898854,105.94687430446521,2437.864609820297,1
54.387970778111196,1.6190965552345131,104.42532118076724,13965.316683757672,0
75.42858224477595,2.8525138530807257,104.93048373001083,4513.80485140362,0
80.24512675426689,6.567038072106597,114.82551332934544,7063.397603292598,1
62.16820138284832,2.9413285233441937,93.37087260078388,60.935059417177584,0
58.63077418589565,1.381861726776476,104.88635820709463,9581.775386601334,0
48.43976957450019,0.6189113529634523,110.07670889945909,2567.0563428057467,0
67.33586465924823,0.46649003125155325,94.85326638700103,17192.948163678437,0
64.18406065718395,2.723765608124712,94.03397135588004,1954.5583801307664,0
54.489805876519455,1.8484233632806193,97.70249968982053,5007.370747113009,0
74.53018756312171,0.7060031464581026,102.59786428657654,295.9681176949047,0
65.5002961813535,3.291185026145225,88.71618980831238,19857.54756446157,0
59.242640413547676,3.259819761809743,104.41121592686652,12828.754559091607,0
64.45427594359553,1.8232988113126427,88.73290606603419,12871.536420076844,0
80.71304538929616,5.137598144010465,110.34664660645957,10377.216970990177,1
76.02936943755222,0.37808585923878446,104.11013462472098,17361.109984134117,0
68.6997393850151,1.4251165805193242,115.30511897708483,2883.7616968876214,0
76.19105018464853,2.9301869199571717,105.35027008487438,15857.037129320983,1
58.39088043613261,0.7858737724495106,97.56191639103206,16142.469519039527,0
70.3237010072703,3.517995576208899,93.61058291825869,722.5671595979333,0
71.4732233048647,4.241044654446565,101.9111284646229,2653.5389842417344,0
65.30163491501273,0.10401721246312813,99.757995292177,10942.978017452357,0
74.35458335957418,5.252722613063303,109.48911227901822,1803.8304088642599,0
62.195665453555485,2.806342037391311,92.57104946916121,5647.324524397343,0
75.09820707776117,1.2915864993077546,116.16721600368783,8073.462199800328,0
75.51858771531292,0.5101675509873442,110.19821553371995,3144.3511754067367,0
40.828401193029336,3.8443835520425527,98.37181095794284,14082.933761963832,0
81.90305703510117,0.6710342592420679,114.38256718110095,9901.22661919276,0
39.52367434647246,2.802667965935934,93.73497523954182,12796.328816650064,0
63.83950974443874,0.6983098008036696,101.64471831932183,9485.990579822643,0
80.25348034257755,1.96235805856034,89.78823158744277,8249.68793662325,0
66.82713274747559,3.7284115948704946,114.77255405041129,9847.781069762694,0
55.33814017530458,1.3059523007688072,86.82090549535218,17990.295360659766,0
59.06262938283329,5.229000045018603,88.47646642990274,7920.776565858807,0
80.2690574632062,2.9783401017684503,94.92229514351037,12845.251936274555,1
50.784954694513615,0.7883012640631905,110.57858939740929,16679.250324293014,0
81.28991100962017,0.5531519674343636,107.63875908863108,12421.753004576356,0
69.4489790095771,1.0005082477289053,100.97640502583285,4521.287613464826,1
58.07604669557566,1.891297091364911,108.15140968933837,2439.1936501486034,0
64.16884927697309,5.561153255206164,99.0766902023108,11817.542592964492,0
59.82775658898359,6.267269269981527,103.37943023414397,14547.905831513863,0
78.66225200858528,1.264596424199464,113.21380860524893,15374.743003913765,0
77.32427809762838,1.231485085655355,98.0270490143663,13876.043949395373,0
52.80838866123953,3.3357321288375674,93.86901903382635,69.08449714255083,0
65.96407881480665,3.3166981969905263,103.76297371461592,15476.805896938728,0
61.36814337655723,4.681311399240354,105.9221944599324,12092.45378860359,0
82.9350996845937,4.765526574787851,100.88358189716223,19763.62764863011,1
56.49900881873579,0.9391351189405361,108.02705050964826,15291.745606654962,0
86.04229104685014,0.44466906354494157,98.3899269101319,8604.143215413915,0
69.66705260483063,3.0094539390485076,101.02036807666794,13522.999183358395,0
58.380655936199126,2.3082571778931995,102.99659906050888,12318.714698332611,0
63.22725815990722,0.227725304748986,102.29888830429955,6747.869563818858,0
61.98381159231549,0.4330951570099849,112.9061730343108,10670.58288870769,0
57.253815979844944,2.906688884787853,102.95645000000266,4087.6195896420286,0
70.94826859730375,1.763697709172703,97.56878292062919,1756.6034396562636,0
57.720844493081565,2.9541788881358424,104.22385361192809,14660.48886848165,0
48.19633791261811,0.7382783667948006,108.07080672216101,7682.57388511526,0
66.20323529151827,3.1080920292159946,106.19388353215037,15114.266446649339,0
51.97143803582117,2.523451653597783,105.75046056930383,9766.740344012813,0
62.4783913193248,3.27142435030642,88.01559885188772,16195.78749493465,0
60.908971113966444,1.3414877341780267,80.05989906527738,14792.176433249395,0
61.28783927974186,1.1099180945811753,110.20211630896499,15282.619394434072,0
90.00963101590153,0.5093049140592819,103.51085956964906,8586.629758755236,0
70.5641156716957,1.5326804455553116,99.82738066707785,19223.585194933676,0
72.45371008995332,4.118229790142699,105.55450422224123,8105.091629560868,0
52.23601703657705,4.908909446924995,115.41847948532731,15862.875165074423,0
63.46036866363078,0.6768457437113768,111.30824932677129,9791.776108022572,0
72.15302629941512,1.8901881602072943,107.69776458241566,4701.713272009253,0
59.754710870869935,5.616731623226551,92.90619493733885,12578.27873407899,0
79.08062843517985,6.127057981087885,93.94567357624099,9382.188410127883,1
57.9730341409897,1.4822865534736664,80.90876254905834,5281.397246089335,0
67.13633864134825,4.369023378682773,105.06810779107936,7650.6335940140025,0
64.13948360024442,3.8724059196472633,108.86901757968933,3198.7467532530723,0
71.64320659381916,3.656106155132032,109.5214243695321,19740.908294874702,0
63.59509928144574,0.36744852404209355,105.40344377021421,12863.674415597292,0
67.29106372929063,1.2010110791803328,98.76746513418149,3470.8969415845804,0
67.63869908222014,1.7337645580161285,95.48578030471884,15291.766723475579,0
62.65612242608699,1.6945250854725722,93.39708163127388,12037.569949608871,0
74.85093868497113,1.8743737312534894,98.6926012066784,14451.02411185957,0
72.38388374837426,6.5740094984843696,92.17738996882841,11689.727468264335,0
69.11386054746832,1.524128042345604,114.0476325200687,1209.344387728093,0
65.69541666538042,2.610207304122388,89.58102757547519,4064.794637345135,0
77.96544030519998,2.542692850141681,98.42357378488622,15374.886632929672,0
67.64165756185818,1.892706810711346,84.51025269255301,15087.006642081797,1
66.93302712174062,0.7197974824650838,102.37243889038452,15077.506626302124,0
71.04690029888125,2.093162595520797,99.98093032194296,304.29434853910254,0
86.9658668297085,0.22210311882579453,97.14567717088369,16103.015827172203,0
56.59643791978796,2.8029708883668367,92.53773387175957,8782.563895648897,0
77.69856893055355,0.17485800202327842,100.01969468470094,13873.22902686734,0
51.06828838761895,2.62331220179042,95.6443128798861,5441.593565481308,0
72.17273158228625,1.146966955345383,98.90505688506664,15390.572736397662,0
85.7508282760873,0.8191360848125374,115.65944001534395,19645.635376210677,0
74.88668524467307,3.3721656199445955,101.37741772714055,5070.7750139863865,0
71.70625078539793,1.3827156961810634,104.26293766379226,15683.95280833759,0
64.39550531196925,2.0111943201404454,96.28428179455604,12099.00906057834,0
70.31047200488554,0.382384129633904,93.72451592260191,5461.916338513497,0
67.47937184596644,5.155040401944774,99.81633829241082,5887.140876612929,0
62.14023392068645,2.1642961117309585,120.0314080388178,14632.75343645314,0
67.1012438452513,2.1602284060992565,97.70057844084832,5686.91957192305,0
71.9838116062644,2.8472996833380697,102.89150242691858,955.8713437490485,0
62.327829314693595,0.08270867222512203,93.37281187927567,17479.205997003995,0
61.93718179315316,5.505229918224521,77.957823692786,11778.98507416017,1
56.397565624078254,1.4787568379320306,93.68134934454675,15169.472658118237,0
73.90725026088896,5.2873491236504675,119.0456762188301,12064.474772272073,1
75.4532326196706,1.4363135721648195,104.76312235779812,10329.148713610868,1
72.31660444236518,1.1767275865259434,113.12739360842761,15399.647623736797,0
79.65170492728666,2.7083455280980058,97.2182221205442,643.1265880607739,0
70.87867637080727,7.4532019805201895,81.14535116994671,6237.729749901279,1
73.92010937365757,4.365916498550049,91.13032797230044,12549.374510873358,1
73.03837425637563,2.9288723507353462,103.17619808835335,18879.493896343793,0
69.08459980581792,2.677315888957808,101.9009108874916,7873.014462377428,0
64.69178171870352,2.0782555111049956,99.91660962737417,19505.81810526102,0
92.14152615791912,5.128111438025375,95.75800790050945,15105.637240727685,1
65.48049020146492,3.4330499813106514,107.51772549442595,9697.928984947506,0
63.341222888795635,0.4976596993385466,95.98922660799231,8583.168118176029,0
74.34009823450107,0.8238668998883906,102.4625349613016,2588.8503787227733,0
72.51854415295006,3.001861083974276,101.56262532026084,12303.882812314738,0
55.95208452389673,0.6923339102207023,97.0519804531023,1047.0733504784823,0
81.22678254563739,2.1549329791147547,92.9496315916835,8581.486508369782,0
69.05805424649166,3.6362535702937,96.58135930621631,4754.175254515884,0
58.8906890478428,2.7224790272123354,114.98897426158197,19125.7219341218,0
81.88784114353874,0.5888042190981042,108.89958290612942,7265.2791118941495,0
76.25675571596153,0.8683821536576423,108.16310985025582,9785.074555589166,0
57.35458008052086,2.785177918149222,93.70829034580149,7509.862030504004,0
87.77182840257724,6.920341076073871,88.49848581626489,2744.1960417803134,1
76.58797368366193,1.820625050296903,108.77195372606897,7051.640919271118,0
69.89803884374953,3.7247083954444786,107.23813808359955,15579.976783682605,1
85.9021880562178,2.7399761214927945,101.09799181346042,12423.913517106032,1
71.5929778382964,1.1364373237101741,97.03568089933232,8748.300058497598,0
69.71916924895967,3.754508945052608,88.28844276611974,16411.413394206265,0
63.39699883978011,0.36885137179579536,106.93920355502802,82.97497076067195,0
75.81850439307078,3.5654295710289694,109.48908091972727,16532.01600626529,1
74.7660296732398,2.8631409143287443,94.56726057207044,1190.7116523789264,0
70.14680139889711,1.2333747997696207,93.89920319408301,17405.438178220666,0
62.10013646132397,0.7547969139288364,109.92849540007043,18951.440937226667,0
71.29929854166073,1.329851377500307,94.86508429685215,16383.389982785395,0
69.30201214237862,1.0610419681714978,114.23248166285106,391.87541125803807,0
56.66525681265799,1.5926947548535109,99.12758593707431,10524.159289980325,0
55.281876486758144,1.4493751746274546,96.9075063450668,16575.925655028957,0
75.6515337880977,1.2328050220427218,100.36086400970717,10900.327241896368,1
43.981116849483115,0.35110673691186595,96.90694612508784,7198.7341209142605,0
72.0541052696126,0.6523283365156193,109.00969909078145,9413.908534672686,0
65.21916942246176,4.1733691404718085,107.0864811166031,1613.8782176847676,0
83.0824660687991,1.2642690927554643,108.70485034200665,9926.272896917362,0
65.06531790846124,1.6178852034530344,101.4761579255525,556.9365580634721,0
76.59484214251896,1.384501947301272,96.3491640135331,12882.308956609979,0
66.03086158762208,5.207598977475132,99.92748794057813,7809.045061612312,0
71.13748153486144,1.0384487163475074,96.5944256674378,3826.859610450146,0
77.36836530920051,0.9723907666009219,111.73277210546368,347.65802194617777,0
65.3744428367542,2.9093033955703347,108.01818979038882,18442.380284588482,0
79.96554884498404,2.283796215642055,99.26781546514232,11126.380541677745,0
60.06302122893517,2.9680430091128405,92.58820034582983,12939.06771297274,0
72.94592842558379,2.8345919271716835,112.32671750563054,15587.154290396818,0
79.22639722787852,3.8223403587568336,101.0934730843544,12531.808443596246,0
76.60037491790335,0.5724935952316458,98.95866031842613,8262.080670261726,0
89.1644487673541,2.71173479085006,112.39722175775167,12551.764060659432,1
62.3656068268934,0.9781518734362205,95.92040949297545,5050.331594300485,0
56.20850748651412,0.23678678433677983,97.44858478936372,11227.032677074185,0
60.056648915048804,2.820580944934797,98.15392841299388,4111.7460260375265,0
76.60442566548437,2.7033740928576413,89.46744662686527,18348.456102774304,1
74.97922934269378,1.9496029233670713,102.52588292340758,10191.353576845035,0
71.02256659647416,3.8689735827601504,93.90124204257239,4676.805616526749,0
58.7704295089287,0.9854170222086251,95.43422614151102,12792.650517358226,0
77.66867293329061,3.1579483780776667,94.36451616478669,1806.3920698211743,0
57.752952223494596,1.7366291247805978,95.30343837356845,8680.380372213505,0
81.589495823769,1.844108060545103,93.28868428787348,17319.29237886016,0
98.57438423139865,0.2841954926666492,101.97771342095977,15357.170058986781,0
73.6645114657155,3.896299053503847,98.75525526011428,14068.790517444066,0
75.83108135657743,2.6277092232763093,100.38406510566493,9412.0668528791,0
65.07140231104441,3.072510546078185,118.83030461169851,8937.582357919753,0
51.89786678913184,0.8655014941044449,98.75551055120641,226.19255144010975,0
63.97280636969778,2.408949679963635,104.83958097789093,12000.758936662993,0
59.07104758901251,1.7337147986780492,105.74999679468783,11540.166625827484,0
55.52995423584984,2.728891924532181,99.49714700508581,105.58041911379989,0
87.22359941995649,2.327522931894616,102.1903930523603,2740.8707826408117,0
72.72862518025772,5.89245286553803,100.1655855220994,248.72311756458876,0
73.79687580613984,4.714461832511514,101.62046716569182,5063.5789191763615,0
66.90977634803751,1.579492220625883,95.3078656852149,77.06243960494686,0
68.27128917556564,2.8181774502944834,96.04630952336142,8347.38516458378,0
79.64550682239333,1.4745531201596136,100.1353780262646,9527.862426658676,0
69.67662881304784,3.797901378463474,84.22477084919205,8741.633213195928,0
75.30693938024733,1.7919275682979316,111.9685823181226,3987.784112685384,0
68.03995702154984,1.312184653629632,117.28686414399303,10471.184597297815,0
66.57847109267952,2.384269017540952,101.36280207939771,16281.892433010082,0
55.930858343981384,4.47024770426341,105.32375341800804,5824.305011250477,0
50.222509376328716,4.001863650562988,108.64846136040397,6251.508686465843,0
67.38438098933598,1.3763088111876802,89.40264208337385,10856.516850622133,0
70.56496691993233,5.552025485825291,107.42622356227538,4675.087849454502,0
57.13869963291209,0.9139522266441347,96.5884816445262,6755.726549949328,0
69.65525134965367,1.1817426927063597,118.32579383853475,9048.74448378104,0
70.53752562990502,3.6881294895926517,98.49392344001045,7726.048045527492,0
48.43991993940621,0.2389604818729047,107.26545778537329,16364.64607563336,0
60.84875340520499,2.015462806523214,98.57269655711893,16979.871211703507,0
74.07263893735468,1.574059415836247,117.57354205064357,8057.569498274475,0
73.87058729395744,5.768179067170139,95.90119826368876,8955.730997344102,0
58.463250836002395,0.7677668681457781,109.32071029861912,19137.882524034903,0
71.58448050499734,0.8506022427609911,105.01342305961558,10061.750238425537,0
80.22407225360472,6.296861937966037,103.23447969331329,19860.641027392892,1
77.77072958990898,1.5887939622157468,101.83205920835817,15256.05545375275,0
69.04714212986066,4.353008656306788,94.6638998584251,5284.644417298446,0
65.32023686675707,1.3894602492327914,79.31154951652738,4581.8533062580855,0
63.70655515665496,1.1407266656972972,108.59513686769291,3181.2897602452626,0
74.67819782909658,4.499911534273062,96.08928711724573,16122.91452406378,0
71.95103973142888,7.312156719544409,109.35680114945623,6137.24084351462,1
76.294040061022,4.734233618571201,102.81358214332532,13515.850204349543,0
71.31873813121152,1.3167559479992728,109.60205424816097,10802.722990844213,0
78.18763950347441,1.9485301550492529,106.4151401608758,16519.946058133788,0
70.94592532957701,0.8863556086620817,80.2824385561664,15016.348672818747,0
77.84688716131686,1.027895358787455,104.91916492998398,1274.9784871952086,0
78.70822770366638,0.9822299198657216,97.25059611508412,6768.552188103107,0
61.95473369775186,1.4171574530857254,109.3200894981454,10401.974242808954,0
51.918559531292544,2.1928926241680076,104.7296599610944,16072.778245086538,0
85.43492856014554,2.0099626876490735,104.82375230372486,14280.550757772447,1
72.56658730712262,3.327933380809958,97.822057634334,10988.079013367078,0
52.855141045038785,2.279570781890437,92.69915046313767,16167.506810434721,0
62.86180502781289,3.1093066261050555,96.53690432823579,8698.56952219425,0
77.71874292369829,3.460976642114706,85.60086190775242,1113.191478517348,0
67.20323168867107,1.3363606794905423,95.27725012362683,17410.71457230381,0
64.87938580680873,1.763372733749785,88.28672720368453,10531.867037929616,0
84.00881860312967,12.355381881802971,88.49807356993752,16168.061747279768,1
59.5271285361619,1.2458183688815316,100.93183077780968,7841.634359073457,0
62.01846642245166,3.234975263677683,104.27239151603169,11771.045037589689,0
72.11386475048268,0.6136269518717085,99.74565215859828,6621.860109257606,0
73.90454932053882,3.5303926320514756,96.00967602129279,8191.499488907743,0
74.96343034340731,1.078169558795937,92.4207347020886,2947.964433660142,0
79.11238044568947,2.0653367882669533,97.46245606108232,14832.071338207961,0
71.98578620681516,0.5135159863178718,93.42221567017803,5605.68611996731,0
74.89383938938408,1.9101139615133698,99.4973540630295,6034.622889013274,0
67.40790740684916,1.9405587800270874,87.82774580736876,7083.779251156275,0
70.62698303236714,1.7117805906971462,105.61054062564583,8642.522327944027,0
71.07534180053635,2.747932754084029,95.46375102339447,11523.278240427286,1
72.15098135819036,4.243301940886311,103.01005520225871,13656.13263390933,0
77.72539807582761,0.8468896203404505,107.09777596504954,13513.790172484054,0
75.5514568194483,1.745042365745529,102.622967055448,8473.61831856588,0
70.44217002900183,0.3166941249934069,106.39301431678466,9637.81335162317,0
61.9087401505896,2.2577755506113,83.46688589716743,2806.4103591170974,0
70.6767125806271,0.7871003115788838,96.05714669036891,10430.121653965518,0
69.71982215104256,1.9955030708339407,108.82461333431267,17541.134043379774,0
71.93181579813198,2.3258137412473627,104.07383630652977,9208.997625228123,0
92.06525307140402,0.3857209242854199,114.7877061244117,18760.271861986977,1
64.76227221458765,2.5918231030911927,113.63504383973614,3115.670798595298,0
74.2228901912536,4.10495157516253,102.39673707560509,14738.189182746519,0
80.68462067244297,3.0289023093732794,97.98417104892155,14159.778207590296,0
70.98001914099383,0.8659014475349304,92.33249029546408,13630.57907151245,0
93.37845119172165,1.8994679922949844,96.19353147571802,13257.143987205765,1
66.21960708268523,2.065772825779975,96.73402473208508,446.16547153733865,0
73.24089222320048,1.771230504767137,95.25400646094629,14842.445041042098,0
62.01194255107018,0.5830366085912696,92.65329801807162,9993.68549585799,0
66.48475264856707,0.9963739816927486,103.21261270017636,10483.723793999801,0
72.48933910396659,1.6498038832728361,113.57311742513788,1017.4528042239483,0
78.46304062307729,2.3015523109397575,107.46605414584207,3767.6225662524553,0
73.19094834023574,1.2390281956241187,97.42063953383742,18220.138151263196,0
82.59114849334736,0.2749858540789809,108.11223078080567,6310.5667354975185,0
69.05034689407329,1.3044082717059664,102.77320693471106,7877.604412308561,0
66.67831470160995,5.886627972649069,99.67436519250526,3784.070383891618,0
97.03985107279387,2.604762430708956,99.17501819482077,12643.815642845655,0
73.9423764944203,2.2528105625769257,98.40047889609389,14814.017516136546,0
62.805184540214526,0.9828495085643516,105.20852898189816,18425.236828874575,0
63.05736237751931,1.355337719513547,101.11736065821137,11241.272275834774,0
60.5732008546866,0.25020800026135853,94.17261761938408,5512.613616312887,0
79.36569355856788,0.9238446300378785,93.78518312719719,1419.2662970319602,0
66.35622707106758,2.510017307853745,102.44723185025335,5322.188760584081,0
71.27362475656486,2.2653687136181224,103.42920972546621,12367.290845990054,0
69.36491325561731,1.1412493194441027,97.49493884546573,19482.071372354792,0
77.31492407940935,1.7699966631760915,90.94395501803004,1583.9563553803182,0
61.532559071159795,2.011010858839416,110.00772093668105,7767.328761735168,0
59.24427713856984,1.1946081440525749,108.3088368762168,13344.714188286312,0
72.24297307181594,2.714721448743855,84.10098799221201,11491.418884099496,0
76.00959284699897,2.234582946933152,110.71666338650824,13033.852063944256,0
73.32532313097641,1.3967956013704164,98.32819362133588,9264.16943380359,0
61.90546270902672,0.623549962299981,101.51989664021714,5340.734108759672,0
76.77484842091394,1.314515984224184,109.10578448042102,9655.045284254771,0
62.56139072904366,1.2419872031845618,113.22031029303243,7630.7225987375605,0
64.78461355213616,1.1390889531956252,108.02292228036424,14185.950628571014,0
60.56046475277998,0.4043159387412589,101.92824399160448,3432.496447375766,0
83.01158348652031,4.867043606156047,88.99487450957601,9922.958659434911,0
76.33421541027349,4.707645269854949,83.7901454081221,19181.251180950432,1
76.04993375678873,1.720585532802445,107.02527151219603,10635.879154129785,0
82.4721142114245,2.2934922669739564,110.73624276595581,4744.1894957018985,0
98.12649248238723,2.680782175493135,93.48284111329562,18717.005916013888,1
52.90773896089844,1.742076833412771,97.84176028209016,4883.147737086313,0
62.61623419122892,2.4149678775706627,95.54187289291636,15023.602759873702,0
63.83824915825476,2.9583940198833822,95.32879941208797,2190.6252014589136,0
61.49180377617307,2.173166007040167,108.59968947113572,17041.792196106668,0
59.224167523962876,3.332671499985358,101.74698506202914,3611.4917521049006,0
67.00346935944634,1.1062548531546526,98.16657350883465,7883.589362698524,0
57.83396284710595,1.897977418715059,121.26016016408298,19312.406692101697,0
73.35042367537413,9.682040897720437,88.52463280793953,11587.894554121665,1
70.51698321428614,3.8827375463433023,104.38328865196628,5279.918718502332,0
74.81028664763656,2.2102098216449213,91.60817371862244,12.543379239382535,0
75.07728451638252,0.8488815729496683,98.74050502404607,135.78446760190045,0
76.03006853426676,1.9729903425289432,101.18910707570139,5491.753600418277,0
66.26591063176117,3.7059830942988237,106.75676575708073,10537.095860227675,0
91.21143402633668,3.1939092488793293,97.91054483871181,9697.825372921166,1
72.34431116482098,0.3036545637261669,97.06441521762527,18437.632625720275,0
51.37515247375205,0.42131740206528207,97.76731921749193,15281.882296823462,0
59.97624254233783,0.44290438725740355,91.36037850959059,18494.712718682113,0
52.59497010972184,2.7116458475883425,105.0584784167335,10235.56376639827,0
70.17334629151307,0.44940920924592226,102.25067496625526,8933.328242902024,0
68.78194775946666,0.8149881618653169,103.4813493705204,11321.765942407514,0
65.31574302100542,1.6931097852369814,99.44365597973535,7442.921754201475,0
90.10926112400514,4.134888808310834,98.45697632087925,4216.229826743312,0
75.48982874076911,2.8051838848074016,109.4048027058468,16733.211169355618,1
77.26098361446334,1.5365051506330325,108.17429176125613,13610.631671223655,0
60.689265120578966,3.399122521058004,111.3184046894751,6513.161844504522,0
60.00855108668988,7.038513422951654,102.98075481196696,8925.624778008618,0
70.36805499096955,1.986476090548075,110.82131275724335,4508.956695422703,0
71.73007139652226,0.587673249021404,96.67133888223668,11256.781133202203,0
51.43688432885543,0.8417669972304972,98.39318571086935,7167.162863655594,0
68.19692977150466,0.8344434960158698,109.56080602945569,17511.506349364437,0
70.14072082873504,1.0157066920171474,106.74737230608191,10567.25880912927,0
67.84850834228871,1.450895924805977,97.67639674468083,8234.612754062588,0
61.86609587653324,2.351694997583388,91.62993411184232,14992.395277465064,0
64.6046481807886,0.5000688324441582,98.36828634406022,18102.0258093953,0
68.23140806427205,0.6012997096296276,94.52105246978373,16348.381952515712,0
70.90800023610048,2.9396854181228504,113.7960278599094,9898.341903923176,0
76.04791582550568,1.2468968033466237,106.08032514815801,7128.866740604629,1
80.80856204950871,0.9175971266568386,93.87261938090587,13242.586862817187,0
67.0565227647275,1.5868032237559972,91.6400723146799,16337.360869822875,0
65.43843803884643,4.629706364508256,93.77349380972356,19572.791546730063,0
74.37655673534306,3.230767091320494,95.52939809226933,9145.024719174726,0
76.10844916410855,3.0763895265103938,98.66639684962244,13364.802873744859,0
65.65799566741114,5.737901102700348,108.9163719270471,5862.065064193814,1
77.90393476966172,2.4346018127955795,92.26786486917597,1749.2659290662616,0
79.79585341155973,6.088863099838338,118.3162979587724,5061.154556306289,1
82.91686465658672,6.413446120463601,92.45359810537076,289.8026838958434,0
87.78320906719823,0.5167887840646261,88.7276181512432,10188.55197773449,0
61.33583861340561,0.37777091185395245,113.50643860258776,7463.122252238461,0
70.13898209332511,0.7841696036257342,110.57004479869565,13565.496197248967,0
70.1127769661866,4.321932906684105,98.54120961794972,12306.280686348173,0
69.01926431467493,1.6127439410683413,103.05065852099621,3357.3286888883367,0
63.50737080389864,1.456671804147093,103.25255295281612,13476.43188963575,0
55.14437996768929,3.4634485256335497,101.09369942994847,3748.004493081838,0
70.92679446029004,1.194162653476126,89.62816369223621,119.06288498332972,0
62.316443404520875,2.2083147619016845,80.14426253866998,19403.8532591893,0
70.85993480747625,2.938676309847191,93.24219054141267,539.7009409383724,0
62.059564583011465,0.8523697994916287,114.52923529096758,6834.981534129705,0
59.00341654155659,0.680891244993793,114.84330802181324,12750.224819012203,0
72.34298360376897,1.9779580445000233,97.90530428406153,7407.490743170608,0
71.50921526806496,2.1744765378961937,92.33628621981063,7624.183094828279,0
75.79281971320933,3.2779276998093265,102.22496975783504,14454.550809105904,0
91.85863766417626,0.7657267234261516,103.5118495637362,12043.078689250602,0
72.77289531210847,1.0434512622254843,104.80575615435247,10367.548925530298,0
74.85081767064129,6.37126092872132,79.78377053729922,17726.33467767548,1
59.224386711326744,3.822552184104179,125.2620494706013,2162.272920744168,0
57.13092559463625,1.734372821710737,109.05979734434906,9395.350842280139,0
85.82829446773334,4.250658817942629,98.41709037008266,4781.334850436765,0
60.76520220066696,0.7684734775847611,94.25217895871317,736.1569633482112,0
59.56055928531358,1.5798042246989303,107.89844555263684,19580.67404364588,0
69.60901078783446,2.16060501281017,103.96315692027633,14680.536545182593,0
69.09807586622611,1.4386034846904894,100.73717990427609,4323.710319827154,0
60.974934935567084,1.4803464606391052,103.6666770691265,8048.685103097668,0
66.950267812869,3.162493043218041,99.09824316620309,4520.484875079586,0
82.29375717650105,3.8596981032750346,103.21489812573842,13697.105719676027,1
61.940063911682024,1.3161401387531506,105.81090280762803,7008.941428779667,0
56.063275156338285,0.5467389541710554,102.74653499265622,18397.25163732128,0
79.42593620899792,0.43592204157897846,102.32737518657535,4151.1043830193175,0
74.92296911938037,0.21949641858244717,111.14288106568945,6996.523686506804,0
63.794813793513384,5.673575567776468,87.22314304465235,18636.28972087116,0
54.17832983873082,3.1718962687996997,93.61694177153255,17693.615082041597,0
62.55376643561437,2.6935360804984785,100.21248548784818,5863.4029196611,0
69.4529556315073,1.1768028767954286,94.16105933656607,9661.373553743386,0
81.65672089883819,1.1710186343714546,96.83173969404847,17674.099669061558,0
59.634180251303434,3.9475647956145155,110.30193426312036,13412.691213491955,0
69.15480118488527,0.3797709745167735,98.8082322083382,12745.593626665726,0
76.75144659894897,1.363848307875346,85.3663117782882,13211.171401867796,0
46.18732659878079,4.344912136334017,96.61326616532577,18419.62268445901,0
80.337861679389,1.3618462200521562,100.46490539307098,10343.476814201871,0
58.17549427793563,3.0573938110076813,100.31751625965062,3635.5972112357395,0
73.31995493456935,1.7894744949053465,104.44829953077132,9454.475077566718,0
72.46683149610745,0.06745405737666864,103.7951085980438,14577.766036168736,0
80.84586391463844,1.7305810445272818,98.88939121179212,9842.686280755992,0
75.50924380893541,2.0085177663086395,90.45568193403653,6265.254487191803,0
46.22709508270019,1.6262090523899897,96.4708859868995,13326.598239076427,0
62.15220752844009,0.6494553872948069,95.01778754702562,9004.595056790917,0
71.3820512935328,1.6407718264304119,97.71916957850995,19256.405226447452,0
68.05020113880214,0.23840977863255677,105.5293482820631,7042.811018358919,0
74.7761072975677,1.35008254967199,103.23282199651001,14349.73847257623,0
77.89366555669706,3.23376633563039,106.59204570993349,11101.439798397772,0
76.08451736429679,5.464400547662494,96.92733437117765,1551.2954679884783,0
67.85725057445535,4.86319954704195,112.06688614627787,9395.158349705584,0
51.5366298887952,0.7493567513576062,105.38270810077375,583.2748433088697,0
65.44518751145182,0.4572689139852094,100.89787745473566,15796.634062128527,0
74.16368148138955,2.161095270769887,104.82677267502376,14690.601704545106,0
59.09552747449523,1.9093160081660892,94.59391668295174,1010.2367587981508,0
76.31274730121577,2.8972372638302217,83.12996627231664,9993.894271917072,1
79.08393297267304,1.0933156610186237,95.14642904744177,19230.78925114507,0
71.26866976295842,1.954969766625688,105.97965565793734,5692.7756045384385,0
39.36220133687604,1.8744731756576498,100.6417283175117,18086.065946547995,0
57.21911637288197,1.3891916025988242,98.90532421857701,3021.853195344326,0
88.86189158556081,0.34961592677942516,93.21727943377817,132.0490755895798,0
64.53462206971622,3.199995879728593,84.35339339266771,10610.427704520165,0
50.15856776871004,2.1723780374352417,111.39876496651833,4784.866159266554,0
82.35247388310272,3.360156761403299,98.33684206550714,17584.484041093776,0
70.13355591543673,3.945246423418344,96.56369614482247,13478.44008930431,1
81.04940488957726,1.7484625617732052,94.62682986326502,13737.807076168132,0
72.76958675219365,3.2145034164310298,110.03617982101304,13465.60805577147,0
74.58559136212169,5.551406389721325,107.05080649903508,13579.153412707867,0
73.63009247714517,6.781352597473743,92.26208428631237,14942.297129148947,0
76.97488311921,2.375825962280999,109.31634372034827,13397.753066313007,0
92.77430448556098,2.5162773126824303,98.83943664862986,16685.505511454572,1
79.71006335959189,2.3458902492558873,95.11566249610217,11162.442740494243,0
54.19660682154465,2.8234335263142687,97.6511009056196,7013.7644772353915,0
74.46661515278903,3.8263742259534794,93.73362199588082,9336.943433683618,0
81.41480768103217,2.3090119119673833,89.43298317800968,8804.700640640895,1
82.02700806536146,6.521038775141297,106.20904772406871,6650.126096559042,0
65.733950169409,5.910407280796059,98.23436112774826,8309.362450043656,0
81.64944445188128,2.0044379621010227,104.93767626916217,7699.735035587407,0
79.27742399551205,1.9950555184791547,102.29770664903637,2222.805614393044,0
95.7251743696973,1.3032733175238962,104.38832889082592,16611.046021189002,1
62.49998263751488,2.935309595691737,83.63210555674331,15129.314624635757,1
64.92599423599574,1.492159545962536,93.06591800514386,6750.7746426234735,0
66.93880951540046,1.2524166492763609,104.55491804321478,18902.64078125676,0
65.09777849961225,2.8888978860581243,89.80135444691226,18987.25081326934,1
61.09979250236397,0.7100982701177572,102.98452067049786,17134.394490384362,0
42.37324494326257,3.873094974185741,88.8743633598514,587.4567772090345,0
65.65300526276866,2.9737092429096434,100.13155186795755,7424.359883439833,0
73.69358059699904,5.703434311982833,112.87992315148846,9146.73133543808,1
65.0677815449409,2.408104181606203,106.196800922653,14374.325649447357,0
89.3538118352911,3.3113071041016613,85.19407242047413,12696.246688723835,0
70.13375812715863,3.623483135401978,106.78697123452947,13567.57227178752,0
82.91029055184136,4.601079626462859,114.57790581383667,15344.268276031598,1
72.61420412729969,2.2111180085664155,122.37612808129391,18968.70858138222,0
78.26407309893258,1.29482547805117,103.80060589974951,11030.16734500104,0
72.79241553933562,2.4501879211904933,89.08464060891716,18080.849289802412,0
83.68784631903563,3.8699546475440574,103.47742382419544,16296.377701472875,0
70.55939350132401,4.232444039462552,112.76826878673171,6758.484966249456,1
74.96120708088786,0.3534891731189082,98.50329456199758,16273.40934378872,1
73.66332933650044,10.690607628368253,108.34487138306046,2346.905439461091,1
67.1171454187268,1.25815200600469,93.2831760089785,3175.192478183435,0
74.04982318924677,3.3521860018640663,102.97882602501481,19847.569709860967,0
92.34386246197681,4.960615509177746,80.08336387863898,8573.772024524042,1
67.29603057904558,1.8627813750149347,92.39731694530626,9212.360480056372,0
74.19464892853249,4.348719030993522,99.95103482174515,19020.61735260245,1
82.57778950869442,0.349845658668844,97.09314615538851,7236.795723267844,0
81.4025328094428,4.459724184694916,89.59506004579403,4739.33194794405,0
70.11716417719366,4.08840247802732,96.00275041532035,1556.4347487469688,0
46.16611297042638,2.682359042396625,102.63724038774397,10452.396044085657,0
75.16702818648466,3.878612552454329,99.31017930311825,3993.782860793429,0
47.805257413769475,6.0194189736952035,100.48750055896696,1296.120694354348,0
84.69937230941231,5.067829394644559,105.85575042468591,16261.389189034058,1
71.6947387119326,1.9501318388569375,97.25469839413402,6571.93832683195,0
79.99674019871989,2.432666631881133,110.87342306441532,11587.803640568003,0
60.97888861818949,1.696330183819129,92.0858314711887,2092.912795621951,0
54.474925266999456,1.5245240128368833,115.42402042447615,10111.65266101595,0
72.60754384141167,3.6084385937353503,108.9043090439541,12636.802250583616,0
69.66396560043859,1.6814157909701926,97.15201775590222,8997.272218883889,0
65.08459173842834,3.6025833451425813,97.68545036615136,6749.636328324962,0
70.84661280732763,1.861057326347999,101.65388473289389,6219.10068798663,0
97.6743589203226,2.0816701253562413,104.78936743897582,2187.675058089256,1
78.34525547369057,0.9779014195244793,108.75638620186766,2313.824194570493,0
80.49498605863319,3.536320732395484,89.27527001587933,9913.923258002242,0
78.43936891553355,0.32544746922282813,103.49954097648998,2776.585077695317,0
84.79462143852193,4.576231788441888,83.06788598029829,4469.016839404209,0
68.09928327099256,8.24050340176399,98.58159611331614,3296.353448499212,1
49.45238692324706,2.1378476695333792,111.63130003029967,16049.687226683678,0
68.1141386699399,2.065157523719051,88.65912774225201,8994.34135343804,0
78.11735709996502,0.4661576391449451,87.20609771174671,11051.79062798548,0
60.30199604884926,1.3265864815453905,101.76636079638381,11659.162961346101,0
68.2363404951067,3.908162701234642,111.09943331338081,7927.697456335301,0
63.08230256997687,4.30181800223231,102.60316360868258,5968.621012866549,0
85.0202925184313,2.3500261998300704,84.7630568249476,7648.910198755123,0
77.49457015406564,3.7473841702601582,86.5349726956298,10696.463948396513,0
76.5154062064396,0.995899977047563,100.78197146343535,7171.545211465398,0
76.2160131312097,2.77164737362606,90.56606064563385,2732.318487594618,0
69.62750747447873,5.397081204304524,101.09349035124525,18273.738842872546,0
71.97556282527503,3.1742973547475546,101.56796090613551,14648.124837876201,0
58.14815419467682,5.95673881455532,96.08193991473831,1325.3972093047794,0
48.135580212494325,6.080003001710071,114.5180343515905,18113.99900278874,0
71.50081130345023,2.9039692198874985,104.72373763947434,3409.3038003687857,0
73.23990256272144,0.01697771501470309,109.69272703035341,1954.6036698420855,0
82.09264568425377,4.239468172123042,107.36465406617297,3464.3379547116624,0
85.71335816082367,0.6430319325998894,98.79941150440106,18660.678113189933,0
85.69998484998946,0.0822081487254607,98.44442198928522,4425.885548070383,0
60.019764067061224,0.27116048618629746,97.61903970536983,15739.838514040091,0
66.4773496505023,4.448761343828165,105.44881802000195,12860.764504174775,0
74.8033429588138,2.9211250013192998,94.79707858102509,10364.461567319093,0
95.31904677742178,2.3986580982740717,113.80026353627655,7311.872743268344,0
84.80099203713917,3.1276644120801538,94.03304557062086,1858.6821178941705,0
81.1939716199838,0.2935838243702733,101.71580057837623,14213.09555603102,0
66.12212044450709,1.6902682874422241,98.16735350363241,7895.629496415135,0
61.168003688448756,1.1530984067861374,96.39365348490779,10699.72280338563,0
77.8890788338324,2.259268381361064,117.3787748197089,1035.2363192348334,0
58.9933873576564,2.321378032072228,96.4875652687003,15518.7565969685,0
67.61563649019698,3.0316603729864955,97.56223055206058,13845.430257855225,0
68.85222050998077,3.3705752729550404,94.68693121235287,10586.007398266062,0
85.92912089122808,0.31255091164726784,100.32832492551138,9926.148558149582,0
66.45302697040323,1.7091290094482743,99.18954906125845,6740.615231588154,0
45.607503614273845,2.0311705981799606,91.04597495436556,6848.077908015879,0
75.04444647662469,0.6244041504840037,96.60504108521874,1369.3183729230984,0
63.00978146896074,0.5587871952677734,104.8774923422717,13734.271875118618,0
70.42631024437746,0.4782861520487597,108.21589479537563,899.4589524792773,0
69.13295299157876,3.7314492349874997,100.19200490372384,28.37558673690621,0
67.26296004182231,0.3804019932896264,100.47195832522567,619.6237145082217,0
77.90340581784704,0.4592192452476273,97.11203942587778,4068.9494353413534,0
54.67135121647293,2.1878769387372823,95.98046638433694,11403.914296194433,0
64.8298577504564,2.7631819088090794,92.64341576094158,13623.184018631262,0
76.84037913117382,1.9816044783265547,87.5468043660884,8414.767652322253,0
63.85915224655632,0.7556613194626904,94.38042660714771,8172.773981104844,0
53.91193290730028,0.5719377189067931,107.23242293872411,11535.717767296022,0
76.68555343256736,2.140952320461033,96.60466445842258,11936.551359316936,0
81.2309463044154,1.8123903722860488,97.23185053044766,16899.951673262487,0
69.55004792356993,1.4573882959603266,97.07611840228282,16381.763302656129,1
50.391544015304675,3.615173844584251,109.95766132666188,16470.52409150576,0
77.05969746698815,1.71800914009077,92.5729394357493,16883.45595480464,0
53.40112118580312,0.5199989375641154,102.21642670711995,17596.60974043197,0
73.08799276848166,1.464738364281997,99.45227093143869,11106.335758799452,0
61.1253617525784,2.996898057686211,100.54341460075815,11903.343278581555,1
58.40160714233035,1.6342152742445215,101.9548032569316,14544.519944170777,0
65.5808998292031,2.9580914042273476,100.45731952214456,3980.151112357815,0
68.1670244357274,3.395072799942315,106.34417509320735,7209.220601406299,0
63.557917496135516,1.7227796724637026,99.76594137629657,18253.059612385474,0
75.88703278215151,1.974241997016113,113.95501114740559,10455.248612396166,0
65.53930621541166,1.5499382956922139,100.35583951173477,1035.7523584344608,0
79.80190871671822,3.0062087413379994,86.37226493919785,8111.195691744697,1
72.8117316564348,1.5100674116784114,105.10648286514986,3215.7840647489656,0
63.02442793403692,2.793602874062709,103.13677444207825,7125.737237409508,0
61.34060116167714,2.350771612276229,100.26036025409539,10899.51920590085,0
53.52503700952561,0.26886959826151824,97.92342947503084,10102.728035135513,0
72.90733177866822,2.907697403318858,83.08304746832171,9809.38060349399,1
66.45412452748641,2.187387784251222,84.4252475018746,366.77894895140287,0
46.27804471936486,4.70252473502106,113.18015376397985,8902.097566629975,0
64.642851272306,0.6550326241117448,95.3159791752049,579.275345861634,0
60.98965970745048,2.3800224502896836,107.72496342041767,8097.21551511793,0
85.7567759217066,1.335294353882296,87.17573381407631,12939.998218029084,0
52.97221388106691,0.3098979677666262,91.62513363705388,2518.089164133772,0
55.58649200265946,0.2036735420030856,105.42912757505373,18335.45481448426,0
81.099696431057,5.364098439710308,99.17999171441093,12610.22979918793,1
83.56763157463963,2.385883517080844,104.30133737591503,4351.972711817829,0
62.550170612743585,1.6759118080703768,99.89093947256154,7881.7533556069175,0
63.67914177191089,0.42435610422172126,98.33862428794713,1938.1452661994535,0
76.16235396553313,5.148201252767554,94.55964937460088,441.2657533105824,0
46.729002030546894,1.04956382265879,90.44797875255999,18317.22960486249,0
51.38806315494444,2.471491378696379,111.22161031785998,13503.681014468282,0
67.19266599149289,2.12161781139232,112.53847284903905,15592.922029618478,0
85.49890566129126,6.837377563861061,91.69037636204652,12443.456956798198,1
65.6426991183326,1.9367022367758095,91.1673671839444,18135.31055216855,0
71.00936791735154,1.2641674753390466,97.21781486062326,17918.37641971334,0
81.33789272564012,2.413273389066079,102.72348011890521,1163.1710501833227,0
91.06884733278146,2.613094090661744,98.54545433634665,3789.399671564098,0
64.23151526851687,10.080394878183855,103.99616052198176,7915.79788423789,1
69.83163276266573,1.910930695442103,99.60600841910907,6821.791092302489,0
88.22055221342842,0.6326233978860989,99.08295086840613,10511.450632464472,0
54.778007248085714,1.457766112190525,119.30462989415895,5330.63603438967,0
80.27581070553822,2.409191612007101,95.79837398723754,15949.18235913307,0
59.81684467638742,2.748259697997534,113.11957514259637,149.8769627624963,0
71.02472367103157,0.3802362818209882,111.57490454144691,15830.261649596829,0
67.57380952599726,1.314157261572768,104.03274805267719,7867.405531626142,0
60.41988399298771,6.5704236415418364,84.5909453084038,102.70017499551365,1
60.16898072341725,0.8685056198470419,100.24845992290369,16941.285378815315,0
72.76414364253755,3.6754416605959945,95.88244194083562,8935.089942655783,0
79.95539328162683,1.499675846067919,100.1607255315238,14494.532859380588,0
68.70263796811497,2.0007359359633963,91.49626566089694,17568.974490013003,0
70.70113158733217,0.43836653964592787,106.05006359240042,686.2548624615217,0
75.71174066291047,1.6230896527915164,107.87988021688852,5243.241033916907,0
60.2838122698704,2.386795390126779,109.36019441653553,2377.831805532229,0
77.39692508412924,1.9300134416065902,96.94257026892373,1960.2032079120079,0
78.19343097059748,1.7074294409708037,91.52459918362581,18912.82183601824,0
96.0362629875041,3.0172469973556955,102.81345133176627,16111.3875853118,1
66.23895809440418,0.5699808391369952,114.04859457718993,7294.503200093952,0
65.41918198331872,2.471830565560518,100.55511707690827,13745.86085607504,0
77.68965871573745,0.18145364833547997,103.6183766888968,18388.90547569933,0
78.19104168912139,4.413235230108196,98.12061243294401,4416.2698774757955,0
64.64912846623288,1.7544418295835167,95.9722383528339,283.0147514967174,0
65.96837323069951,3.5028178239772347,105.26620750883599,16482.166824138836,0
75.41130838218041,0.04587542066397555,99.15146586128907,14453.966582561103,0
61.724157592653384,3.156782807505476,103.22818329223465,3205.145508439784,0
65.89466011984985,1.0163555656178853,104.06005485821622,9792.916909702048,0
70.89592767368434,2.0112036404684686,102.78013471311127,3208.677700898701,0
79.95938684822258,3.193177696182271,104.46284255510191,12052.277236582995,0
63.95401383820459,1.8677896986723113,93.17595413791926,12951.398906437482,0
51.576155379693276,2.924005463912731,92.68776514922534,5533.654150280087,0
50.83402532481789,1.518184239459212,99.65902714714196,15616.742538342567,0
57.405869332938664,4.655285127386099,99.85150943791002,9471.92697848285,0
56.86832281800063,1.7505362358058985,95.82141738624297,14127.15822591019,0
68.45389241380092,1.7790740653770025,101.9280023713174,12796.223628465696,0
58.11119846402395,1.8056871408197466,107.26573944667231,9015.178642212288,0
62.97245040178796,1.9680417035919384,109.50009499322789,5854.345241551901,0
62.2591411501795,0.5996968294011792,111.29809498117724,4086.088077111545,0
65.59492139152006,0.8425203455156287,89.48158669554252,14918.88064854376,0
83.22504331523122,3.8731067462929905,90.6960114103326,12838.869541822289,0
76.61947589430517,3.501375049379824,97.68283685246683,5618.838567063762,0
70.16129415276004,3.344358579745412,100.64229232805901,19341.98345606976,0
65.38973719419162,2.7333430482148877,98.09265596914409,16206.778614346582,0
65.66767343376979,1.287855936882085,95.57888535853961,2536.045218345091,0
73.2774646995195,1.1773171278200552,97.56465407842103,3251.268267238996,0
75.8416907335229,1.9037102251800622,103.86651057946003,10880.956217464063,0
60.923824938993995,4.297450042121769,89.36302042566373,2047.5910096576276,0
70.36480755614231,2.285705220160778,118.74685738069682,19286.760104001674,0
49.683804313369734,0.8033404253677608,100.1679483470744,12760.46810230854,0
72.11713784170597,0.47633631585353897,108.4067791538298,1323.4807346094944,0
77.62149241958686,3.579141291492031,95.35996084028395,8869.714607249782,0
67.19931373119124,5.243173848982299,104.59479674019815,4439.369573692366,0
88.16526996140105,0.35813215785809066,100.80072858262861,9809.014720070136,0
61.187615525639494,3.663495406353112,106.85446715110635,4940.509995034994,0
72.17440415303261,2.686624428526494,98.41082465740999,16635.92308614922,0
69.64175253334045,0.9855591787411124,112.41250853671743,14421.984192834672,0
68.99702332556592,2.3085560542302983,88.06355322010364,18131.56303561985,1
68.85677831995253,0.6829211928695926,107.59499064158419,3959.1522947943436,0
71.07105030009471,1.6449892870316696,100.94975804426439,7707.844746990322,0
78.479587434637,1.986554785125752,91.85338641301645,16109.330940345719,0
83.77736236274744,4.624844507282467,115.61652696037687,7476.932013108941,1
69.97749755495843,1.580756405408728,114.78958181254063,7581.767662429313,0
78.15316072171633,1.0856489320241482,83.40903404141235,19720.76886779779,1
62.982330537332174,2.538923127188558,101.4142750987666,15417.263738202251,0
77.65955452726233,2.9807691343008442,105.64530043784589,17216.350234617265,0
62.380084761730096,1.0507395652608016,103.53363846654253,8139.456722239247,0
80.90659936088132,0.7740389366932608,112.12423686622746,11718.37045939927,0
92.1064087739324,0.8384618863539612,110.46106166011691,9011.071411034576,1
68.77916112028608,4.635930998425072,102.12149885053745,9005.871598191412,0
48.07456509192591,2.8874177188357693,118.21682889929309,2553.9827137354255,0
64.51927066755177,1.4971517925677043,107.49477218166062,16842.65702804615,0
82.31875134289304,4.1154660320684355,97.18868403857662,7810.848673441795,0
75.53076787025245,1.0435498923661843,95.58121924137319,11636.487879291653,0
72.4891359867503,1.845547134967108,109.94673202378887,17141.436922492467,0
80.08668355954839,0.6717564279880662,93.65636618775646,15469.545060335993,0
74.84453439248422,3.9926087640659014,96.72209376433219,3964.759540791054,0
82.17725187451137,0.9698288909553656,98.08342486836122,12370.227312136942,0
79.19423676646986,0.9896906152320643,102.84522714620921,9914.62178543096,0
85.2170045273696,2.580927906806171,98.45233309630734,5203.043031909898,0
73.58796083906255,0.1581108572735711,89.46423282815888,817.1580702019288,0
79.05259401493954,0.5324611087871137,109.29663790392611,12595.826160453213,0
66.92872926914215,3.2686772268850164,96.76481080971908,15597.098297429613,0
63.98539188440994,0.8267381787293465,116.15948215039593,18834.368234064408,0
87.06767640418974,8.327219006655673,102.43192005807872,7099.675174989193,1
72.16204676322688,2.2185393278799066,110.13765987521728,7984.343030709911,0
78.04880565862379,0.32888788832908095,105.04689211344635,3260.112608497889,0
71.2374001441139,5.422049828722523,110.52045017165301,19692.32046665788,1
64.13484349080036,2.216706773044701,104.56271197011546,16991.73992613285,0
70.10982892582402,1.6791358660930882,101.88135067193446,19152.074579458855,0
84.35994017767715,2.2105749884052144,108.74587273485213,9906.942762508927,1
75.55240074279423,0.32566451079173214,119.88777691673641,4195.627683748511,0
52.88526840269541,1.8933794872231295,97.841624491161,11463.691074605069,0
67.84755543423846,0.8826584461385131,106.3594159018001,7441.838316177525,0
87.82293792704712,1.8027676309546812,99.9580406199188,6957.288616208069,0
67.86203138150044,1.3173235270573322,104.04847216394428,1647.2856804619385,0
51.995213082658196,2.1245806697045713,100.33726846061226,1462.9842940402416,0
88.93048885422544,1.4961034191851361,82.73805691431677,7575.971059710205,1
76.82392509812793,1.2467644386996248,98.39850625809459,18523.970879626206,0
69.29987141187199,0.7941642576623136,107.99644058246827,14460.474209584461,0
66.28582263917932,0.34379204558908727,93.87834701385144,15211.17160351911,0
80.82351929791736,0.26227460452978474,107.36757154457234,4685.813529105558,0
64.58016599773808,0.5520643334647719,101.46887331512276,14690.5922216542,0
81.48256424515988,3.0903438205249003,98.46807575316633,8126.382527818947,0
75.42195285724256,0.7516757469580813,107.24652308226695,1187.8122094640653,0
72.4468192548735,1.0752366085844962,105.44825234851409,7896.271350366106,0
71.45514805335596,1.0842604497996182,103.36437656958428,2625.0757486473785,0
68.25031963285822,1.3351842900094357,108.12720162224332,17073.98925862897,0
80.45640120209265,2.7161258276623217,101.62478655670864,16805.881289498153,0
61.34657167898166,1.4839942161579462,86.84267173608781,5749.378565998509,0
53.78074873169791,3.513135883060128,96.97503301494145,12238.446055511702,0
76.14440122892475,0.5588569542613668,85.56478061776107,7275.194367145213,0
76.31238328067148,3.255549289636687,105.25891860966907,3084.523486872299,0
74.80241152511766,4.991667514332198,107.16959871434375,12988.146228172393,1
74.07728369618039,1.8743167463930024,107.53361793706434,15202.132866218448,0
66.79459621662453,0.6992890604111793,103.91275759383844,15494.454821315063,0
77.87482704385525,2.7555628460382837,107.74340103511439,2984.4117178633155,0
69.54441873245459,1.900523644417861,87.38717329386031,10251.570369902765,0
65.12886439184823,2.409536361717113,99.1394646256457,477.9871439890071,0
66.881086877446,3.5858176398433392,88.68067208953428,1803.3899525699537,0
90.20639698775832,1.390410806475464,97.13336309755289,1621.023061707756,0
52.65023917954567,1.2112454216013873,112.93001388746205,1143.8158710100233,0
74.99788104295799,9.415847178030415,108.74589745883755,6675.386981156692,1
53.20889572376283,2.7817470548409013,105.29828325179537,7153.592017063417,0
68.91766661677026,4.0330524377586245,98.54703817119486,13957.406841404567,0
65.66372514845813,3.4398647269198226,92.05124172443534,6597.5944272750485,0
49.14971703320122,4.0680598311656375,101.49622147027543,2807.916083554964,0
73.89037590433763,2.471414061227929,108.88540665457845,18937.512619803387,0
66.19961937807804,3.730611815830532,103.27897191407388,17509.528079713982,0
49.00793657438756,1.0811867703047813,87.3144736865235,2484.5151080755268,0
78.39568090774252,0.33344660751890615,100.83688717692668,7255.573999382974,0
84.35006177988934,0.8484049078758121,84.69337446346921,3361.693019699432,0
84.90124342296572,1.687449949690517,106.43347066484806,19182.228548659354,0
73.58956440651471,1.5134564760552618,94.45593801546627,7119.551842091225,0
70.46058138577115,1.9090401523922376,90.21502880117654,1962.348538358687,0
83.28156620895797,1.0253908992774838,106.54344530185763,14536.879766597607,0
86.82383585340098,0.19044321297478536,104.47502269747189,14234.350323707917,0
81.33568702875625,1.3579815323904352,101.85919169931368,4820.689114473833,0
60.58462397770199,0.4871178343908466,117.53366357720842,6429.237018402476,0
72.01344853214923,1.8455790664277723,105.07999869004765,8300.377949834525,0
74.39516144291429,2.5600194020756213,94.84034456058106,5354.000035432953,0
51.90383031082771,1.3358697389297938,104.15363093987953,5777.754163525002,0
74.69360659620774,0.6569073494763636,97.71138125282846,16031.807840373138,0
92.72991825979389,1.9859039026459162,110.13407057517601,15037.012104532274,1
76.39936165800792,9.757495453546955,102.24781765464343,13852.584239409729,1
84.73413081441757,2.7808208757970756,103.03938629440358,13735.471136896975,1
71.82914730128705,2.934051111339244,88.46105271843764,10437.638613277473,0
69.26781676016178,1.2204131743078988,100.49081295602362,7018.425559221179,0
73.81271390080975,0.9089447691274046,99.54987316587793,14410.898909548072,0
61.84173352015567,4.074542765131868,91.80629235831559,2327.3547506993796,0
60.362248127656116,0.10700159674371253,98.22798810888924,2821.4101041338413,0
82.66304557169366,0.9969767924061285,103.48601954867263,2525.3041589151912,0
83.72342342866519,5.771216486037194,99.96520320524789,14654.361035006472,1
60.08893684412649,1.757481544086932,88.70320246732773,11830.817687274237,0
79.67998804553865,0.38597614980431216,97.81426533442445,9003.207587376952,0
69.13040024393979,2.6163589648624406,96.255801687681,9524.626828576034,0
73.39808574490431,1.3432410464603997,101.54810818424946,16551.186543422944,0
74.60218639435064,0.2904566887242497,100.68426049515539,2433.595579326826,0
79.94350468124318,2.2606143589683865,96.70709550310522,7664.885606911611,0
70.82718201863189,2.0116098108721348,96.39469245261319,15203.324110013453,0
84.10161995301937,1.9224447003547114,100.537780703876,13156.787411421406,0
73.09412839759925,2.751862947369489,107.7038140398925,8702.934429557614,0
76.24184272469533,0.614227996924848,102.22912418166548,4486.824192620254,0
61.66737408462754,2.435569537997406,111.38455460232571,18928.824266099175,0
91.58659010704834,2.1254608469170715,109.06552783073512,8158.387257130182,0
74.69824923204966,4.015116608259838,111.97345996967321,17556.700078071663,0
77.129974253451,0.9849520610975279,110.94902121442445,15556.609600665513,1
53.91814188788459,4.513346393222248,112.50359613392578,17230.600660205993,0
61.77297976920899,3.3975471273637283,90.77485751623013,338.43988477355146,0
82.3788368791873,1.7026084701725586,105.17941022328375,9547.828559599864,0
72.86891118292604,1.9215170865478837,109.74656442291118,5188.676536352778,0
50.86220265171074,0.1222909028860729,111.19221857485294,5480.427104504679,0
80.38289928983819,1.8793553182608576,93.83424949588837,5396.806446488012,1
64.56217195647277,3.231642145617634,105.25904419945151,7786.273436919313,0
84.11316985876712,1.496309511025868,100.60162451960335,8214.092323063367,0
69.121643213963,4.0081300594956835,114.7764818640609,12680.804962964941,1
72.0470668602053,2.6497941826861773,88.9016670048444,6007.291046961518,0
81.78954578591649,6.971580686471726,93.84568334861707,5455.542922516809,0
61.025070291453375,1.0490347402337112,85.51492940030124,7212.164053049985,0
60.07153192166061,3.0129338201347466,101.15693029626466,13730.289858709988,0
68.03501579601893,0.5025980466755678,118.11072215415722,3.423512489895142,0
78.27172799621222,1.6115048416301425,99.64526705173367,14938.559144534616,0
56.6912274738651,2.765362286456652,100.80826658019403,6779.375039848796,0
53.31965400110903,3.149321278344144,104.40191016498564,11524.795465016918,0
78.23720927043792,1.4015444199193214,99.06967611994168,15230.445844771195,0
63.970216874329964,4.31354184865763,102.92820815315264,10216.703352665585,0
66.07773987079717,4.968617122696155,103.13769335462251,12943.02497061948,0
51.43189598059834,1.0599854828848148,93.23554678325179,18398.814602661754,0
63.21020685648018,1.652900753202185,99.24762630760266,597.3254478954049,0
69.9243270336885,1.5156205466893578,105.93546341192197,6990.576723479807,0
79.30377857622892,1.21957293723122,107.42860893250476,18537.083185986932,0
62.28769833765361,4.757833054322393,110.3880132495542,16748.59659408463,0
86.57376120232496,4.7204009161283,102.68348853426235,12336.55962703151,1
63.154439758201995,1.5581732944996676,102.84628568995552,4586.059027960665,0
63.16908198414825,3.0023003933609265,106.001478921717,6610.6607585589745,0
85.37357551897801,3.975759181766553,95.24183829142953,17159.127525332515,1
72.11460152363917,2.283891738952611,94.9137675840867,13965.42914563938,0
64.47975270988424,1.4621867922984908,99.00161713876481,5713.004593220053,0
68.44866868819406,0.9929153016334931,89.79985840356717,2644.910036104857,0
83.5307357754206,3.211291321749005,103.25520617359928,15615.406682084576,0
84.66202819625681,0.5489208105068427,108.3926562893461,11524.493594411022,0
61.83206820729744,1.4952502675278994,94.31965084129317,19268.76379816048,0
69.57566189920892,1.2883442753142933,103.48119351908217,8129.823542607888,0
70.90156827667573,0.5131248661845393,94.96695159246406,6980.539275123961,0
60.13759889483403,1.76023675075713,91.8673959840406,5815.122859197588,0
69.44314947350006,1.6243009985259127,116.44448835007734,9637.602743853442,1
70.053228604517,0.8122212682261559,91.98213491186206,6454.592849432362,0
81.40209478936735,4.634839063319932,89.76544545529724,1463.8119957408292,0
82.07425028311201,3.227349631664468,101.7177231764425,6242.581157856306,0
66.70790601640992,1.9457578404326965,102.14817182768613,4377.71866606125,0
67.86046856139188,3.5846353431086295,105.33785712951952,16307.699925571174,0
76.64292302055635,4.193677121817208,116.00982442807926,4711.850662505359,0
64.14811551072988,4.779172046730389,93.78296147844296,9177.431420378736,0
75.88640151737403,1.0435232700092327,95.3725052962088,13454.764847249586,0
69.12093512630786,3.5836534580395987,112.87044397845486,2984.537454648921,0
60.3060142226138,1.6298725217638401,107.51299012404627,10625.64968871914,0
60.43163287120353,2.224589657273628,106.40065070209386,16943.739032771977,0
84.47058696031102,1.0914224179935383,95.28105043594145,11681.615035321824,0
68.43578520856701,1.87486840055929,109.00710576329801,9647.728779383971,0
86.40354093898311,3.6204210641934482,106.42546256144828,16777.577894110244,1
64.8636373928509,5.619376876562748,101.51629814495493,18945.03854757745,0
72.91205201131493,1.7329065290403434,95.32057751813207,16419.707988069007,0
93.9267672301824,0.8375115239011746,100.85356443510756,8168.188972015091,0
59.42613255336721,6.18800219276909,113.18789510786617,12233.861773385868,0
51.02185500100224,1.0071278785601696,91.24825797917056,10532.833900601694,0
82.86590131287232,0.34291802124293774,93.60160745549224,6066.172453682355,0
61.73190894606927,1.1701586698056445,94.97758051943468,8706.40257918383,0
69.79293635893767,4.052014105090484,96.71343075192205,16585.335588882765,0
64.14081789548415,0.9470530982530075,99.87410650783178,6009.5968573405935,0
72.68162780955316,0.6429962126590185,107.66856822561525,17791.141142312263,0
60.49463792814258,2.068185243566168,103.69131291533971,19828.586384162907,0
68.20059912116695,5.62120964433917,100.48672840402743,6135.345914709796,0
74.49815326556535,2.686452812328191,102.21594780064277,2454.7610925234276,0
59.91691113725738,0.539517603930605,104.99192768290544,19143.486977106928,0
62.99915970354111,7.661295338601661,86.54635243016324,3421.3031935211948,1
66.52617166401468,2.45616762853333,108.57267353403681,15429.276178723545,0
55.711845657737214,3.769904828423007,93.38869645690878,782.2695729640361,0
65.77439017201253,0.42211395691356474,96.45191703058009,4711.301969403084,0
71.18796539902903,6.812934261416054,102.72348257362869,5203.106220599292,0
66.00451058411572,1.379229605906797,99.39675337596866,5944.700641065903,0
67.28623507068275,0.38312306782289335,103.89544352874671,18386.075207463375,0
69.80098329093414,2.2616347287264884,101.13462334765124,3506.194184198237,0
63.442565375676864,3.7686206666550044,97.68534170350702,3472.7792817721825,0
76.91062565866878,2.9909795854091237,112.23006535501025,13833.498734202474,0
84.35978124801775,2.952680944458772,105.66452425608108,19046.342139995944,1
65.35619607804551,2.799570043377848,102.41693860108495,7785.687168631083,0
74.85198231477708,2.108494907289554,105.54015872687494,15462.573123035452,0
67.60382844565353,0.42028095481894295,94.35736405834004,620.7178501118094,0
73.65487345038505,1.6101201770980926,117.39817393453347,16481.274376141373,0
85.65779531203255,1.4335850084200736,91.29890239133489,14467.938022448381,0
75.08659543018099,4.792399961440331,100.90534926634722,17932.31303710925,1
52.265854611903194,4.056231862598532,97.70858977105807,12749.085670766051,0
74.53995631446959,1.2796321062987734,97.40468499658361,18826.73288320931,0
82.3286374330901,3.3562084806526538,96.36594594948193,7797.148189894873,0
67.78403830001898,1.801948773814734,93.82631999201199,14650.628894414993,0
79.95634806117832,0.34462311986125416,109.50673763846495,14511.284164218812,0
63.09884458848054,0.12453393568089297,90.36237764333693,5372.157213698701,0
55.14460840477726,3.074619384126239,107.86851118947055,18411.590781902774,0
71.4116901883264,0.7264305080369994,105.18830187776786,15583.535824092178,0
52.43523279253686,0.7232886996795922,96.95287094656523,17327.03567049127,0
67.60228987106409,1.032601026850533,104.26085827035082,7251.8200159693415,0
82.86842262645503,3.124127544386303,98.7368078584274,16825.09566991149,1
50.90237094253719,4.094931721422086,91.19194929192518,6299.5292125946835,0
57.20503204086102,4.03416169592907,91.27653076263275,19288.021000008972,0
59.67967754838423,0.2975087012775924,105.24353213175753,478.9427273162694,0
69.3668014028904,0.9929255514060636,104.82856258948019,12383.750947047987,0
66.3428321435379,0.8515041044441323,101.93609131455375,2244.790226932889,0
83.99136381696087,3.122500562890112,96.86786768527594,14374.663466556443,0
79.54348329091698,1.007384592140486,98.47654773095182,7273.7660734807605,0
74.95272946068599,1.6990018076541855,97.39557474268778,17412.81186856194,0
71.45630314343884,3.3285159892785567,86.02444691858506,17454.050218107186,0
73.93229776984828,1.9710777429673028,100.49002600205023,7361.797470077496,0
61.38017644686625,2.448615447105559,104.17963888967601,16199.635539230558,1
78.57210353556613,1.649376876347597,100.54087039022565,13622.737543189429,0
58.87955745640799,3.8024609834618732,114.15319337615362,8531.338573074247,0
78.35376993902231,4.071818325205662,91.96350284136015,6864.728879076048,0
81.86142502118831,2.7986440028000827,94.71117026485024,4206.098629384416,0
72.10864602088087,4.083339541947279,101.06415196546936,1264.1690571301822,0
68.23786941038024,9.351564348450799,101.95013448153945,10347.187372051274,1
74.00309908309673,3.287252782822242,84.79033099978982,10800.810741510206,0
41.38481629899327,1.8503718300740222,104.82158399900482,8880.373169206832,0
73.02258218485461,2.49134941173314,101.9865347164448,19011.943594268763,0
68.86646002160192,4.374374665495227,83.04485644933527,273.80234526334533,0
69.49371886943008,1.3651872515407133,99.06632584892063,17006.099199531767,0
77.06532512897827,1.273308635837796,93.53166782449065,16016.428940661543,0
69.25231078435272,2.459751042244252,96.37341388548968,15175.04788508038,0
58.59793143348842,1.823512361781432,89.2951937225771,10498.306247612876,0
68.58597329174621,0.8434976929818531,103.32950942938858,3807.107564159211,0
70.67555484080825,2.1817935473560426,114.0942110445618,17257.58737546876,0
71.14933911581012,5.004119421986918,102.12018859336226,14891.893091266033,1
71.61919367285068,2.730450161259999,82.72492718589083,16656.424287609712,0
80.39369044918553,0.6895596610823168,102.28476829866239,4715.7514654627275,0
59.139654469658524,3.0552081135142504,98.44288966240772,11087.499862078723,0
71.7570045616485,1.5377842382165239,91.19189972196718,8319.184779101199,0
82.8992969861824,7.378693674506932,102.82899065112822,12793.428704764556,1
52.65388503062805,2.8821467411612494,107.03811782501884,15052.153870719396,0
71.79646680780054,1.1626247297417238,94.6520521448549,3474.307368899743,0
64.14621498026956,3.22228430721565,86.85013751350488,3480.764642299028,0
66.29289615526895,2.3022390257303464,83.90662208365704,872.1375187754643,0
60.95192496785578,4.6799669663311585,94.67451925131742,3143.7007666226523,0
68.30449284299556,1.2675631926747883,98.75597224592153,4803.464592593376,0
88.41255614426905,2.8773215638517917,95.87195549090016,1450.3715819891338,0
57.35569638822786,0.4208069453863616,94.53374325870095,7113.819098102401,0
58.30389997521173,2.1101833110524013,104.54319621702524,13503.325904911295,0
56.98065429836495,0.671014470131866,103.7026083691674,15861.462554883008,0
87.27418286628101,2.245204909488774,101.59674722208153,6916.325257166005,0
65.37660294478712,2.630701827902488,106.53190227475285,1676.4979592458883,0
69.74360939652325,2.797288388471188,94.74954117763745,15187.446523168166,0
65.9721705889376,1.2659280371954544,91.24352611953145,7823.673767392623,1
60.55577121596909,2.1594364481047266,95.82133060618102,5028.551901081455,0
67.64849353385564,4.28750923341046,95.26957782654583,9413.819508946952,0
94.5824360573656,6.03802728262979,83.58968435162379,19397.285521482,1
83.92070920974255,2.216176711957008,95.63545088362423,7452.796732959053,0
61.47062182207728,4.36878307566274,108.8388044414578,19189.06148773416,1
76.47574103061686,0.913508662238389,106.4068274449429,5063.383193595859,0
61.684772273336236,1.4383410277333901,104.20147085564864,2110.8952003780023,0
52.23632361153779,2.4034078055805126,101.05294434589584,3143.576060047848,0
80.1951091766463,1.83296648829632,111.59118820913625,15475.634796843478,0
81.6009284664355,1.6849417858070241,91.51865684105631,10752.262328977866,0
80.460522510479,4.0581082431869415,92.28138302429707,11638.445007661208,0
65.30134750780428,0.7817701419382205,108.99436218950827,19354.16793704376,0
68.33224265998014,0.8580528990635442,100.22083917470967,10096.747410379294,0
77.49765553658123,0.5687417023983103,94.63057354364658,2340.41777889012,0
73.91496037348107,2.4580123163660548,104.41539701405176,14370.30468719984,0
66.06362528702955,1.5360854508327428,96.49226430649612,4157.02728139286,0
53.809281798818354,3.787889214809474,93.29979603621813,11630.760296048373,0
71.13875194142013,2.303142569994942,93.07718549706328,17087.5753092399,0
80.79009639236114,1.240757863238968,102.57239488820812,9541.62150865196,0
58.02411710965843,1.0829207153916782,101.6465239730453,6285.702018031896,0
76.38759381675978,1.7461102768434738,112.1339741332476,11510.931744140866,0
73.31541695133693,0.6805732045539964,97.67928602718797,2539.0258256422803,0
77.50148263232333,4.124881103789509,97.5428044096167,6151.281125555175,0
78.71975499719008,1.4753531354124594,111.51706824421532,10082.855737207534,0
63.05534758074647,0.4708725565688104,107.88517434622072,5083.023272424783,0
53.83040599835054,4.699870794036822,101.15918643010191,785.1624304465887,0
64.6648047431712,1.7668577384416209,87.51189821934952,11702.81958843717,0
78.89127317527007,3.041663671412546,93.50516174173414,8024.947296225642,0
64.5799609647403,1.2559151414886551,91.5672416208981,7812.205188696595,0
63.05956676142358,4.810911449831374,100.29161421519495,19936.2559179595,1
51.78649658075362,0.9577035317337043,95.93327108366765,2235.680637739199,0
87.52647554550938,1.5354962099943503,112.8232391427384,3083.512756124196,0
78.2571364142531,0.3208740700670581,87.42850228980794,17525.236349689134,0
77.69895981274765,4.73101932695921,90.7092822646983,2605.233181080957,0
79.67725386779473,1.1248450712957379,101.95703027903882,18352.456641622346,0
75.76708361543402,2.5014219696396256,104.17148839811335,13439.217225684177,0
67.55671144820471,2.7678644465295665,79.30291015283326,10563.25809847726,0
68.36235895877799,4.2132552272078385,86.11671872667804,5568.013630589426,0
65.72435635407875,2.363351306861457,97.89117045487508,7189.469641426774,0
96.34740754415,1.8510537597986265,110.84834905187974,16519.091398268603,0
75.55912031299442,3.9180745989359473,115.10208708173576,1150.0909650386147,0
65.36199558648565,2.7344262048399073,96.6840200786958,15370.97214012508,0
74.6549677416628,1.6332646582582921,98.63482418063667,16556.413707141495,0
59.891310821436825,4.876249261406723,93.30507394172285,14119.338177673073,0
85.04506718589226,2.890562468555685,105.06565119908898,1090.0932948035359,0
63.3893090419286,0.6246036286957406,112.22823667595145,14853.09840729348,0
75.01085432622466,5.481403196618264,110.0481658990404,14463.27798212322,1
80.65977629743135,1.228655046551779,99.76799509875667,261.8775206584334,0
73.84768544204992,4.198878398658812,93.2917463589182,17845.66730575784,1
70.94469991819638,0.4800296964097429,100.06557603447857,2643.916506534385,0
70.10802084856014,3.9011742213443523,111.04629363546861,19215.64344044096,0
69.43558903112893,0.6636060453745154,96.79586321322705,1415.4116218837976,0
64.23301511072498,2.3164045969468474,85.47656776521798,4760.988577119032,0
65.50516570230296,2.8325944938148804,97.11992597346025,13804.843826393055,0
84.79590373650935,1.6615799609891944,97.76779397209329,2744.8262895377893,0
68.91463367314843,2.0256734905564344,85.42961470984402,3699.351139618021,0
62.14203730617227,0.8091584000321117,101.85629865598655,223.4328731411561,0
64.83702403138491,3.6217972550885746,104.04803730604318,16529.60151606568,0
81.00370680697223,2.4096516481580204,114.87914091854648,752.3460145842909,1
76.75606633164479,0.9526295953500421,89.3409843452551,12651.460314549908,0
75.60329178232257,2.4784755762668484,105.84417145031011,11646.146564578288,0
67.42478801090209,2.5357297640466867,107.73468920940701,10224.805211075865,0
75.73362470172945,2.1009140031377296,104.15696744748247,7503.154496692497,0
63.56438875049352,0.12870058624188804,91.945586937247,5991.251289108195,0
67.40385968654226,1.4738107160584402,91.48058655405991,19138.950495222172,1
79.69804487391745,3.583238082113554,100.77757401827051,15707.16550796379,0
78.74277678919064,2.947552752186296,100.72142127877034,18454.651973317963,0
60.180901540491966,2.8842143260804507,95.52452940297034,14677.959055189453,0
61.44473547091424,2.3960017058740775,110.33309610826605,16580.178423760353,0
71.0870215281341,3.876679108241388,96.79398734006352,19283.508437378838,0
87.2613237466951,1.2223213219827151,84.8503940470477,9072.891132265468,0
50.84434835531006,1.009036979512884,98.2075478839613,18137.925468424295,0
72.78332939570504,6.417111231689053,103.84218678596565,861.4832537998684,0
56.23956668426852,1.1145586681417332,102.73568921648837,2157.442704918415,0
63.656690064744545,0.6022777669309105,102.67378069711957,9807.486702907087,0
66.35571581935758,1.6375129225122105,111.95191211485343,9079.465010560047,0
65.7949165656311,2.160231444178653,91.081675426383,8764.261600784383,0
64.66204060340792,3.8939061184583745,96.61033321319461,10743.833035507758,0
70.0720706037637,1.476431988140401,112.36043230408322,10767.455856779688,0
64.64744433369421,1.4663079787505369,84.26120090428573,17411.294766052553,0
55.37542615145847,2.010220589971837,99.57044442237785,6918.256253573447,0
77.79869612522776,1.27518290444446,109.83136892189627,6324.819113871154,0
77.52872167148881,0.4863109614321136,109.71213000747248,14037.904785904995,0
78.4317431002267,0.6513921575129743,105.28093098277083,12969.53875320132,0
54.59265503735918,4.63000516005234,105.48351441409355,16596.93968046664,0
72.9891815258415,3.3318308375510775,91.67181501555892,6185.562538894813,0
76.75978855806923,1.957580890743124,110.98541667143348,127.88432507373493,0
59.68797931560415,2.94073263287306,90.39950630971364,18881.27368171835,0
70.0917324818213,3.4021153355051235,90.876695845013,884.5078747701596,0
68.83733354689635,1.1662822490691385,103.10299304930996,13600.258867209324,0
88.42150658568264,0.8012035071410782,96.0558840342624,6436.639835715559,0
89.24496037012574,4.309387860449809,101.65357359231807,8470.661107818263,1
53.356436066697995,0.1804138637508009,103.44613663424181,16760.655548185296,0
94.9392700572799,2.9744506561103488,114.22487791500438,8391.589754770512,0
60.84774278846676,2.292605593144151,103.46979668453127,2887.4305620671125,0
79.80673294327426,4.01827305257485,95.05172556673233,15088.701698707797,1
79.7049798086373,3.053065167104551,105.41190366548908,404.230341200793,0
60.04309773158193,2.927296114723725,93.3459663993431,5494.659768677905,0
74.932677938391,0.8792423942741758,107.30524419500833,10761.472237832157,0
68.92466255733936,3.4938642757546665,100.51702335655405,8755.273910292804,0
75.5433000463239,2.716368811020861,103.20435052925559,12404.566780263041,0
72.30672302380626,0.988021848080383,85.75476818308256,7626.95385427619,0
81.96339485370247,2.3081089917275763,81.9940352385481,7811.694245922924,0
70.75399543146062,0.7153793753610159,87.98860614069254,6973.145202082631,0
68.32125930573689,1.750148800232859,113.96616684558774,17745.409378657707,0
80.9606423305718,8.177890836624954,90.81476141722328,345.9302218833593,1
75.80395964858603,0.8350782364630103,105.85847841591145,18792.83934683601,0
77.31813394320888,0.48092907989120687,94.86473760871436,7164.433504034549,0
63.354133277414036,0.6593457440048839,98.07975920624608,7297.655113806145,0
59.54737218601526,1.7304422721370372,99.64223795944592,14517.85696099634,0
64.32277856747298,3.2134356982388694,113.15022742249197,7765.534774517213,0
63.791786143194116,2.0566097182518823,104.6760442463314,12332.896442024543,0
77.86199268652915,0.5565125119801845,103.0802651225628,18072.613581722824,0
79.75984050294052,3.1838410494303644,110.37358745688957,16923.960950519388,1
68.448697104676,0.27618253996701103,94.93442508990735,10307.33355218356,0
84.30919018824352,0.6221069325951413,108.54674381561146,14333.042558250792,0
83.6846939376513,1.230630906101768,107.21042076126984,7848.694902107843,0
72.4339891640054,4.20580667567861,107.11919490594826,15520.883136617062,0
61.7810822845696,2.120140094102443,98.75986637670793,3403.6687349922868,0
85.7537664943554,2.184396835750203,96.50148083378058,912.6356287115178,0
69.38982648971592,0.5663873166895422,93.04141083864468,10814.653518375155,0
71.26165196430975,1.3374240484015487,93.5425410802677,4306.773696129349,0
66.60394974393431,3.7905989232604687,92.66389479153206,14574.518857263252,0
61.10209673702802,2.5903363529608594,102.93478209460861,2026.470173905961,0
55.31360569684708,3.2672772007621567,98.17330949383943,169.9027633716832,0
76.32868323557288,1.9477113041131644,103.45120158144016,13514.066994837181,0
62.165989461033796,3.819327348680479,103.90305615722244,10015.988758363332,0
100.59531228996823,0.5626289769064045,91.52195156569334,19040.30813660367,0
59.13926417387521,1.6975067295647566,91.28185174312617,4949.712157271915,0
57.426175250186304,2.8799704344105446,98.1707169346135,2465.122350012234,0
75.10138715613441,0.38861610345975234,93.79903421108975,462.12363636718436,0
85.29313478967295,0.08207868610683251,92.95670288378972,8884.946978907756,0
70.64589656943221,6.42095510157965,113.56549607259896,2016.337707918221,1
75.72242420187274,2.142592575128354,87.7331618249807,15512.8687665921,0
51.5645258254129,0.34526092899549515,116.18451541822408,1439.7158877120141,0
63.22488454308233,2.1011369059124734,102.31101106687271,18415.096209006628,0
59.26384270862433,0.6314563171907174,107.8899062641434,10817.078464841234,0
51.04954150052119,0.8789905835285144,106.94666253864185,13927.438978870163,0
71.16980234023887,4.304311742993651,104.93567341812829,2618.3421160954936,0
47.57172378389566,1.2568775548631852,113.29465439314548,1790.106515692962,0
56.77804033912551,1.2481912893794676,91.34066649218575,7073.675530344188,0
64.62806205986583,0.6110610629227679,98.74897297777272,10408.690785422817,0
61.68714164048924,1.4935355565061061,93.17722469999401,11510.039026592558,0
73.96408502207068,2.2499406789237626,86.43136375174095,6595.769165793903,0
73.0558019190248,1.2556503874513878,94.71007105153421,5453.245903686765,0
78.93798745935457,7.55426529485865,114.98038222579056,19628.21084648999,1
77.52383732712678,0.7711324032460295,98.61226642065829,5453.238398879765,0
81.40812789361381,0.76678029501371,115.86812570666848,2758.4981656916143,0
69.98081599990945,1.4439522214422338,116.68661730754563,7189.1932877334375,0
73.0346690081667,6.963001099916973,123.96104290956866,6077.426287619932,0
75.1151370191919,3.305758073990217,115.24394415278644,8434.704020115982,0
71.41656697391026,1.2201308699732218,118.86505492267045,12474.274727456843,0
66.02805690082926,1.2209850952063985,102.60134032844579,12062.958664986121,0
66.6755746566023,0.7432461679692944,101.82662586949338,13965.797708303715,0
61.82441601670035,1.4090348462255315,102.3587148897228,3133.70141228164,0
74.2161682990983,1.659863345260139,100.00049763688291,918.8872798795633,0
69.05984825914844,3.197768166624726,101.19730508134035,15816.19599456907,0
63.36826249363235,2.7294493070237267,106.01746052122735,4343.0527921524,0
63.37755180675407,1.3704043700709034,96.27345715762769,6313.300077793425,0
57.89601272217212,5.298217304321636,88.97900609753032,9113.594288182765,0
79.788413412372,1.0793369190223976,102.90895038058021,14326.127366879435,0
70.78617669531788,0.47054509149968643,94.45756132540147,3271.6886013200597,0
61.3719998042673,2.3310919748557253,95.28581202022929,18048.045299685586,0
78.08547749602019,4.086039747013695,98.85797415748662,6430.546683830727,0
64.39551190205627,1.8877257963259124,97.022854243729,19653.253856781354,0
55.934993729877675,0.5862588518812838,108.88033994013354,5708.251259772496,0
80.21222289219133,2.1893099394179294,98.66606768381325,14513.06031503161,0
64.62903010433887,2.4034884329570896,109.28359710301373,7533.382240043383,0
65.9110090979121,2.595649495662958,101.64812999153723,16731.75471747839,0
70.41180020349178,2.2232169809973374,99.29176798451464,9248.13184847197,0
81.42589222790114,4.466206511481997,101.26576389029435,17410.63771893581,0
70.20037290866311,0.725881408454006,89.66696108783412,15078.772503430184,0
58.0088287385477,0.033926319449787766,102.70461751576556,11720.571916128016,0
75.4387700411218,0.2765824024438066,106.79351437051969,4999.7985931562125,0
65.15010275738275,0.5775531751368342,107.9268034147698,5197.354381218204,0
88.87923971529466,3.6012005106323697,89.18260731697706,19828.44183067355,0
69.9888027800211,1.4931874692096805,87.84815838205618,18507.759939331652,0
47.64964502101334,5.585295554343786,95.70545179935331,2768.367795141298,0
73.57364972155673,0.6744345251164197,111.07729886394303,4081.290321583471,0
89.44597792260228,5.5090111446443535,101.76780314864197,2136.2877248205446,1
85.7592028854539,0.888086523519961,93.80243808201438,4026.7559703748357,0
88.30954288756566,1.6574335922507502,88.37648426455696,5804.751564379176,0
59.80239814618537,0.34827703162034074,94.52808556437107,16752.538635504206,0
79.12152395976779,5.016385023946333,93.98759097189537,1903.645019857274,1
62.78005460263288,1.844266791024734,107.48494174916205,17642.411320052488,0
72.24289399416925,7.7801073203215,108.10035399509636,19438.602628539,1
57.270475712602675,4.2184886438110905,91.60078502247251,5634.801368262787,0
63.555442351172836,1.624454688168725,106.0253284926528,9124.676914842019,0
63.23753302636385,1.0244598469847186,105.20605518940343,10586.567472480678,0
78.98555280142617,3.715326908651248,90.56255348189654,4113.786657146783,0
78.00719121669655,2.0001379293464168,99.32945040937679,14631.52757873497,0
72.7681972933082,0.9753468771285256,102.72655990525934,11599.975991779354,0
56.49578581944614,2.115048730373421,101.30588334973888,2243.5471001895644,0
66.8836056605028,0.22326195301174742,86.31567138553154,17919.646252620347,0
62.53883517057274,2.6326672838323435,101.04945963613295,6043.853841786282,0
78.69675756694491,3.015074312785584,105.0901191314534,3124.946335427554,0
81.78184852817185,0.6507834179010291,112.63675335094018,19637.088032808068,0
80.56385586030883,4.549889146320255,94.6496703988228,2058.179940233946,1
62.447805805829795,3.8989365485628804,95.63637474776887,1193.9336927674083,0
42.6046687771052,2.4565030870339353,98.32906587301912,4751.060136603089,0
52.330381018699455,0.8281189716105869,102.32972737053511,6385.298347936988,0
84.21626978082209,3.147262121141922,100.77614214098284,8676.053323014032,0
65.98745060680176,1.4261713560416427,104.83446390373672,13703.40436109022,0
62.49275381734888,2.266185463591354,90.99850766227887,7314.267684598075,0
86.42660293436234,3.3669701502726794,103.17482951437239,11186.672214059594,0
82.65159945488327,0.47972150775020567,94.06227695819477,116.2285126005913,0
70.24448721919786,0.3307040261213488,98.85332878355537,7697.99363704385,0
67.06596908936027,1.3103312373292615,113.66410901804964,18899.373508469627,0
68.67898787186874,6.911987567293305,88.81405752987193,15496.93411330034,0
72.27162798387467,7.996840502881488,97.76426025248503,14816.011382330695,1
86.00047281319608,2.5886597314520006,89.80283382151501,6090.319529920407,0
74.22467424237227,3.975952392473596,101.22454379641418,9763.523463487185,0
77.26029033039141,1.9062783979354259,108.38586332312013,16890.470045760183,0
81.69270109070172,2.1165177561604116,101.35724095075416,17603.1133951901,0
58.30323998975581,1.655835633667505,99.0662731733147,14210.860585822591,0
77.54861892474042,4.318510949722694,110.62721863241642,9130.828621385159,0
67.05431245338389,5.628618140119019,102.64401947817716,1463.3009048986123,0
44.83904804227234,2.078059085005474,106.55652845049448,2387.066171043013,0
48.718304580141876,2.1093168343332716,105.72205909476108,5.8584364982561254,0
59.81882388481314,1.72616000248867,76.99007676674591,7183.995390058677,0
75.31223228592582,5.72558486755553,99.3866495550324,467.67926999194077,0
71.13799565340297,3.631423911555521,91.37540424894918,8700.43581453578,0
71.84366707175664,0.8095666700404978,93.36546484674511,11950.832464348836,0
89.50943482686692,6.771460479340146,111.79668885860235,11917.60280756543,1
57.30910385140188,0.12027712419705897,97.00155563741926,11105.950364018972,0
69.72566645816276,5.341479718224689,115.14054556644805,4523.417216448142,0
73.04435522813816,4.078409347049172,88.73849263783316,10383.778033779625,0
62.63726883461665,2.0831310275955426,91.33063375778106,19596.71860834093,0
70.28326745082941,2.0435048108914313,106.09880528761576,8892.355740514899,0
54.00050665915655,1.7976745132700667,97.26902784193193,17489.83372690053,0
84.09906217275028,0.847352164533416,102.4586186928084,7628.108823238864,0
63.183854474695664,6.412976809530626,99.101545389042,12460.888756294122,1
90.31400164778503,1.995901884190394,98.85939009627194,9636.778131590198,0
69.67525676082545,0.8328070943881278,97.5661114501434,13772.449527233379,0
80.28053565399183,6.152156311435139,101.43594688326189,17947.556792178282,1
69.46697131008845,2.808156527546825,105.13310630022322,8818.014984131554,0
69.6925616773947,2.933768144012495,112.91537720777981,15147.98916519276,1
64.15970666777991,7.102895424511533,98.37989971725746,17650.792997375665,1
71.19123929366278,3.2346433451932315,96.85089363491299,15790.890924198002,0
73.17998694414048,1.1718638479254624,95.82030754832694,491.11997751585034,0
62.1574149108482,3.2310711432224104,111.75827084026,3.7930703648858533,0
68.74955584140116,0.9219167617102326,105.52259917691055,17659.193532964815,0
63.89901133942886,1.3735895980707158,84.80773258849464,14586.26824703558,0
92.99664069614839,2.526117392868676,84.45503437762895,19162.640643408195,1
69.10269230088382,3.9335981728588214,93.35953696401532,5849.647880699386,0
85.4523215169656,1.2321367108628782,101.84116355243499,15759.365054302496,0
68.04377669192311,1.7558344238597103,99.73223888625047,16030.441542352735,0
72.59287641534908,1.7408101736869683,104.11822841474945,17146.52979495376,0
56.786359283547306,4.420006501273796,98.59645246253376,13840.5582740299,0
65.52927408132135,2.041441347304661,111.17935017103154,2766.159848345433,0
72.10534670789247,6.710762643891676,106.17689103019212,13618.854790485206,1
85.86003830959866,1.3726834640061212,100.62061285692549,12089.673896754837,0
72.21982777676271,1.2796992340271778,109.16271544427283,6673.441850308086,0
83.83720361193,5.275494765191399,86.80875020547823,4172.269834679303,1
76.4072911020292,3.043411478335076,99.31940229867821,17701.99888627064,0
86.27401339464686,5.141366951478802,101.10009844902387,2838.929899203795,1
69.40957782694944,0.6274255896341637,104.81629199962008,8443.957933879146,0
93.90222710651804,2.0038208220110167,86.27867197737103,12455.97045411442,1
65.14603797085877,2.5236455636607693,97.91674474500415,19435.928628310274,0
62.33538165802331,2.392179975244833,103.2036863708086,13419.527048223117,0
57.89947150310966,1.7786929677594625,103.81729701117868,6097.563978430474,0
93.3102467155807,2.3559180409536187,109.48903873163361,1213.2386866531574,0
78.19447572617898,2.4515600731014313,106.09204265925396,6354.062456934508,0
66.65879266619692,1.2492166009060657,99.51323160502368,5855.731186272897,0
82.49022696873494,4.295851599937794,105.39978999159004,16381.589636274844,1
76.87692185117783,6.201557027802366,98.38909091556295,7531.691090370041,0
89.6612747137559,3.430880531541583,101.17419162210282,1968.9666576765874,1
54.52167167260089,2.742623824570525,106.3584188011789,17399.549253848094,0
67.34639891685745,1.904670734210256,99.63759365449566,361.08533566213686,0
65.37478616057174,2.5080852164477885,102.8959174362547,60.18791056688233,0
50.26317323591398,2.7005952918925247,107.6904701545361,9495.064869632344,0
80.60327204779693,0.850304058489015,105.69731888591242,1384.4057998196279,0
67.29603444196641,4.149731370734628,109.86777484705095,3542.037920470873,0
77.39631204986563,1.4523292426885195,118.62758638362328,19705.69164243722,0
93.59771934329612,5.4676463745270025,105.62342218685555,16887.30005985645,1
66.46756308172392,2.2972149127858223,96.30965958876196,15280.75351863453,0
65.78847017342845,4.2000416138284145,104.09458438255841,13415.861063944029,0
71.18664169723996,3.3945996820144644,103.75054733192334,956.308980388827,0
79.8724735298341,0.6357366951491601,104.90808554808305,16718.174236541345,0
64.3328697468985,5.138667748269922,111.96012997789897,9423.766588935483,0
63.69038402867869,1.0708736113974988,86.52710792812795,1966.3994779003135,0
80.57189270241366,1.3719769489164826,112.11070393063787,6015.020223000369,0
73.78639323838036,1.4758333953332048,114.80333494446491,10039.362395690905,0
49.55271736995179,0.418509832288343,104.54456530616172,273.89194842357244,0
57.74608200530892,2.3785332516872173,104.73708064978507,5048.38946102768,0
85.0123586382721,4.383792073052459,98.066841541924,6718.472574735317,0
74.01928283078813,5.377286351010164,100.05059191853364,9275.82679069194,0
62.37804068962751,1.7783168804858078,105.58361727318521,39.632111476757274,0
68.29590342765017,2.0278252006190245,105.0684191421626,11308.852403625733,0
70.1323667280167,3.5626898290881335,105.7656778400271,3952.6742173754424,0
77.35733360280163,1.8180879105061563,105.01334857282627,11945.01061497152,0
56.4173660514121,4.658264217618873,107.18711979313896,4783.006142370127,0
61.59050861329542,1.950814393007315,106.29318935988518,8054.368831616581,0
72.72955754863389,0.9439191039122568,91.80521067791895,12472.603984925592,0
69.0016541950455,2.4252791376468177,106.65814434806305,13131.4521288164,0
75.7185918263671,0.5115378715543492,114.86869293132982,611.9138623737897,0
57.704926026404024,2.4010670751382714,99.78698598435678,10701.49096158445,0
73.57128676271321,2.7503229324902736,111.99583958385982,16332.833386516273,0
80.91583619377472,1.0755832677279489,92.66163760070727,4128.460911088787,0
74.86818547149284,2.671349793993682,99.76189904311651,10639.772754910546,0
71.39111739761591,1.6471992013340278,94.87073478552114,8952.292847737308,0
69.0411639743403,1.0364500966416106,111.03377001939039,16998.6981581324,0
61.65148847228498,0.4390763018709994,113.1238124352708,8775.261492788404,0
69.28001407560211,0.5739102953638132,99.2064310392995,18876.81020921295,0
82.59705852880406,5.8470202537053995,109.36849218129481,13048.568620825663,1
68.80971493399875,1.5933596279483433,113.20501302322667,11227.664427613094,1
61.1019601065159,2.7012408653817443,99.73664913630664,5838.39081954354,0
65.07752911234614,1.766670403699584,101.03801289437587,11930.512289666312,0
72.0085029727593,5.945214191583556,105.86892295701587,2624.9284493611526,1
66.26486002819153,1.0409342264875998,93.25969614783773,8324.88190931365,0
74.8530328306314,2.164004927662608,100.88078076171648,5688.558915695072,0
75.2284376074903,1.3641144898018018,117.1422968496155,13405.530069423028,0
78.88983180404648,4.168184943453578,95.99989183799762,15279.919630585067,1
84.23559472265033,2.680096254080078,106.83060992565211,18572.577095704284,1
79.95858724372361,2.1034764212105577,104.1904355690961,4442.0154156204835,0
60.6576093585204,0.6551496857994592,98.68987273037638,17695.013965347294,0
60.96465553423728,7.753549026560352,101.77324074327514,16919.029703784287,0
69.24228523540175,1.8075871006322441,114.02095939631543,17248.631499057265,0
65.48824642760586,0.8908474346474876,104.42877717263441,14809.51723069412,0
58.616732730390574,0.4412783837080663,105.6785489860901,5354.428871544983,0
65.58308205827005,0.5543411837522424,112.80689837001405,17557.443500250643,0
65.25487066380961,2.0879678479298827,97.68471650401466,11990.969241058407,0
63.281522602387945,4.21367911389293,91.62468072129724,14812.234076854667,0
66.84210513844994,2.550291490079734,114.14677913272223,4105.14711986058,0
81.7845085031833,0.4698477323302221,101.09217426094744,3148.2107102804966,0
71.9923804124924,2.0846068324635345,107.14880680119211,5537.032701494498,0
94.7180907605547,5.108569825053803,93.90136651504511,10227.415535514097,0
71.70508186019649,1.5486955606468156,103.10821044196932,8332.501922394531,0
67.09934226062748,2.5560019647331367,91.22453772110514,17752.16072077361,0
70.04132882654866,1.6048000842835366,100.50991871782475,260.3700630510408,0
72.5649197844354,2.982074653436931,94.81661451857376,1600.9678589189668,0
74.35253957171064,1.0264197161751416,92.9787653206996,6508.197205953654,0
90.76711325859023,0.02093827141253418,97.57501864507262,3354.644648923597,0
61.546795350224315,0.6940669222109456,81.65287485625436,8135.012323802797,0
78.59046058177735,1.3917273033401558,90.72078049777974,14351.862009702967,0
72.07750597614124,1.9256160708230703,106.25931325008263,19868.357436021088,0
54.289022574293824,1.43882302370522,102.78133111638182,4041.494944492514,0
77.70698782094763,1.4148370751505168,91.40650442429914,5319.492691608938,0
82.67623560803905,4.23848870054533,104.38298855572053,15374.772990976995,0
61.4282359622257,0.8077515804158858,92.97429542278492,5440.994146005376,0
69.9106613210803,2.0954166866060557,105.77571096330735,14074.999454751487,1
52.746457379922965,0.5030803425428215,99.0748874123054,11669.780965647611,0
57.41193540315663,3.4325201949726885,97.39901479686138,17097.881976614255,0
80.48029577617253,2.501488043031635,99.27149101018037,666.7354979262674,0
65.33583493992566,7.653901884851271,120.47622765332567,19594.939199240132,1
58.9119702506196,0.7780455601043541,93.9295878438212,19285.013391420212,0
72.2946036445843,6.139139813241308,101.81246933013102,447.7558935785053,0
64.77587568568977,0.8823584913214486,106.25094967593897,9990.188433560703,0
65.29178342224463,1.5388924945927247,92.30069720728852,8028.522099383542,0
77.39326025674903,0.5951384561596846,87.24593730075254,5083.2630240735525,0
58.38266641065653,7.587720125194537,95.19121485630262,19556.51842338652,1
60.94634787318168,2.7898009725425132,106.07570560887095,3492.009336251125,0
71.54079992148868,2.8118520986858155,97.26397238617373,5271.089846026491,0
79.69409790748205,0.959638525248065,98.1511525491118,164.45947221101596,0
82.3816030148985,0.14156497972790213,107.28615721033664,11604.462562615012,0
63.34938279638377,1.4872226676643099,93.54925536404113,17215.97277866636,0
79.37376966919648,1.2619826214590657,99.28995751083107,12438.258713069614,0
62.15857706529591,0.2970019330515199,87.88927166946544,13032.144519873817,0
88.26209346906799,1.5701490129599243,102.56575248580637,1326.4073914862283,0
58.66228974580272,2.0984489360818532,101.83605659654728,14296.144382214434,0
83.28478810791731,2.930432824903986,106.36429038533774,8180.088375869281,1
63.43513893181276,0.17398512488627596,90.83795094662891,9474.249257455962,0
90.132464547946,0.6333904036727334,98.46489935382067,11700.311388144548,0
75.91320728852484,0.9909764814969566,89.77223711633451,19507.287276806157,0
59.83983470591778,4.368907228024815,98.03114651075362,14963.665114348845,0
64.77761520457493,4.311125657760804,111.8543046035298,13678.541796691256,0
77.81181205223741,2.678615081090865,97.43397795220814,8637.86069570633,0
80.52644417615562,1.5473191285373733,89.07264140604077,689.0103305771778,0
69.29284408275538,4.557714005177635,94.56096588020146,10773.693447310168,0
70.44658280963466,2.4390184570668416,87.11238533266231,13217.62460753463,0
77.58353032644065,4.382961129568244,89.63381696954224,14083.793694164293,0
71.3179842701082,2.7707083920201847,105.3678955799632,12157.621665504967,0
57.064951406616245,0.3508665605286197,88.42973410110318,6007.3405020400505,0
61.87025975359819,0.13828931832673957,102.49862872283902,4420.628033682845,0
72.35119943151665,1.4198303608396403,100.20594140706059,1801.8804339633764,0
82.15482416497693,3.7359116547762694,95.74777400725333,14056.627457690198,1
86.15982424162047,1.2478286278026645,101.81879984046222,19415.718824871077,0
77.7952942077145,5.173867729154188,92.49870792522195,10500.449296231014,0
72.87290761036364,3.4990358765323184,106.72675520661637,13463.65330733427,0
77.48813885982477,4.86404521759534,94.41327761142135,13852.050051244089,0
63.33249149793144,1.4534331246154721,96.90906489114491,3228.8421164557412,0
68.46769039741785,0.8346603355307705,95.95719195682314,3836.028377100575,0
61.75869278660524,0.7203274382094711,105.51578851526213,4163.5446074038955,0
57.51257389292289,2.966048024081221,104.3555513080712,18656.830674213612,0
73.33549011636205,0.38885508845574973,79.0263906726096,311.601211125998,0
71.85513306584744,0.4191450217872655,102.03394349022543,10823.375460190227,0
76.87652484509013,1.1841576899086106,86.04325734539535,7543.552447004265,0
75.46111830892447,2.370205466064845,97.26942630248669,13187.006723269056,1
72.42644271323861,1.0062266222569063,99.1346078260264,4409.843295382474,0
75.56616665677555,4.317817778594286,97.1835341637453,19223.416394491607,0
69.57316903772524,4.912020134383821,104.00655377679134,6624.306682797954,0
74.12891395222401,0.06420091118642733,105.76061252863626,18518.53563233146,0
62.73855597313641,2.810076190921598,93.81227365744567,11784.00713935578,0
73.6970592563913,1.253159067084258,93.52162398002143,8289.22197943011,0
76.68417685286009,3.856462170826908,99.71224357077986,14677.710465366985,0
63.30318571927797,2.8812533060114607,87.65014335547075,11061.293485315342,0
70.51832098992847,2.2857233790875586,96.18417619849858,2771.6505194264164,0
63.763974903706405,1.8055381435565125,110.78462266709886,14089.783993352241,0
64.73493303483885,0.4215322764900466,87.94959547831428,11589.878246126103,0
58.750706448978455,8.397254843641898,97.27906112549273,11312.899713295945,0
82.65774925166555,0.6258416285215391,95.26159349655907,14762.915607311876,0
80.65685174720048,6.1842375480227005,116.04214305110207,13069.603751658757,1
75.37433854227336,3.2968717731324815,95.69711034664277,7324.851269491297,0
89.72195951943814,1.3086587685317792,96.16151291713203,6369.77539306462,0
68.10754303431608,1.1436997021592306,91.75388057758616,5016.377124281362,0
100.31762415110634,0.4009422477174859,100.07457442853801,11502.908608878604,0
67.7247058463678,2.061523753662545,102.1613364401895,5997.755182794004,0
72.55193351756016,0.3817745614589547,92.91344121904325,2408.365835968709,0
66.02222086059791,4.490937712082952,107.90978240577573,15653.9498432158,1
73.72325560060305,2.4630381682531213,102.16850867430807,4182.644843646543,0
78.35614927886245,1.9553255754790546,106.81519415012146,3297.5398368897404,0
68.86083606946916,2.158761813918624,97.37491577728065,16980.019456517097,0
87.76719847117621,2.5389463227974063,101.94547464713067,14042.560173235212,0
72.39149284633461,1.515518709463085,98.29522804100735,15323.139314218564,1
72.704853861102,1.68999921194184,111.66145239592919,7007.2109223652815,0
60.910023054862826,6.6355416268332865,100.93011309896849,12348.724154442112,0
74.18499074550384,4.184116649060924,100.07003158651999,18643.88500437672,0
68.65972779190635,3.195542350951872,96.33406400783268,5653.945248885834,0
63.91760270662713,1.3089582098773784,95.87229095622268,1379.2419118887067,0
62.23525591851636,0.2370835610556037,101.90177659859062,3417.56118184942,0
96.71763379756685,2.9309932461443258,106.55669967498172,17949.32564688114,1
67.36522749820965,2.153983076893324,94.5235352167193,5630.621643870178,0
55.43014579218732,1.6591029737178709,101.01263421740903,9825.058135623281,0
63.01778540267428,1.8816091844792346,101.47335592815291,10691.378681330549,0
69.48432160523787,0.6646136035601333,102.86690813100488,19200.272500353487,0
75.46667032616485,0.8738058379043688,86.34002878511426,6029.580306093354,0
75.54796521725314,4.190017145606597,92.6021384023121,10427.825819800664,0
76.76614551776525,0.1605586377655768,89.0732438390248,19162.486571222795,0
63.551396933626705,3.7780921906835627,100.26307541321397,4026.89640125562,0
73.40440443501545,5.333255541751625,92.79221304087751,11957.706036146978,1
61.23940535889422,2.8856361864765234,96.03007105258602,1272.135120719018,0
63.80357016985988,2.78164852302989,90.44575580871323,5259.503573161351,0
60.8229102549974,0.8664127816797601,96.77410770265757,1384.2987916823524,0
58.11611145401731,0.994528179832334,91.00717119024985,6603.054953234906,0
80.64209488858009,1.4047211620675253,106.06326753626361,4128.676155930521,0
76.88611700978888,0.5294872864548833,103.83382375836462,15968.314456444423,0
79.7666536997813,0.9273583772042144,101.20183425179482,9267.908982324214,0
70.39313066024296,2.1478832532820316,97.58446456255545,8100.004275090045,0
77.76807698865147,1.332267520207859,83.6985058695782,13846.462549767826,1
52.38710595357455,2.296648696392555,96.33434699604123,18943.98630501397,0
78.63087518045356,4.179060797483869,93.90834765050101,6030.8678592456035,0
71.7711983000503,2.2829649190947503,101.97819373812418,1335.0209469043484,0
76.27109600149166,2.8048406292854757,104.95765735043497,2195.603345084074,0
73.80023299048614,0.3740882625329091,102.5970612999447,17144.30047641351,0
60.12944845463113,4.126831574580263,110.10430647301271,16917.099825052686,0
55.01960224608953,0.3622991544701238,95.45348612491928,9507.308138273016,0
62.879458338170366,1.2526862592456325,95.12179294943485,2952.8592661187236,0
75.64917281272912,0.6990029940492498,108.30302583122062,10529.787531803617,0
76.90091415175395,0.23893319132843188,101.32973115630507,13368.437803595838,0
56.32057722618137,2.1919314392314533,98.02401007566228,6644.7298025521895,0
60.189006325317855,2.986586086516797,114.77216915915825,1650.3605764165586,0
62.76764314059161,5.427977958161315,104.62184437906146,6438.83283456288,0
66.42694939733184,2.439861437923374,98.47564660852733,13811.479332083394,0
56.379491691473476,0.9219774307957724,94.5124414908216,19567.353776456934,0
55.779482338598676,1.3048460495500198,110.61210137267095,3801.8029188634305,0
61.781647035924465,0.289436822679952,101.65597616711736,18291.1149525642,0
70.86253836225006,1.4270903788865592,100.19613535630742,9132.458235018708,0
58.194056602465096,1.932636139516515,105.41021141964072,13264.36250901653,0
68.84196490028233,2.8939614853152564,107.04070285483179,17273.978632804316,0
80.58552816141815,3.4852450542246722,104.39895987592718,11149.208266280066,0
56.9822026258649,2.823777473734816,107.07180460505555,1229.227680594347,0
67.9355424158946,0.8313372779088144,103.61099487122145,5315.573442400841,0
80.24756733750772,0.6170536701637096,104.43912466744182,16058.114548264875,1
65.8173160963619,3.3061997571331685,94.14689716125253,11057.836718038265,0
64.2633030914158,0.2279332126698474,114.48283105294047,6581.48521456865,0
81.63495814306474,7.255420793857766,90.13058672807438,11666.034515093777,1
66.93797921028452,1.0046301919908582,102.4750209159798,5371.402122860826,0
81.04495025205568,4.533931559114827,89.30586353457113,4820.205996692197,0
74.28965391127198,1.1786121572422117,99.21497008931236,16567.860481418295,0
66.57155347090163,3.0387732051061294,95.42965089705532,8001.352125389793,0
74.7969053059753,0.6402291224349056,101.08604697075187,5479.778934631389,0
73.20449513846037,2.0261210113038572,102.73406145086116,8183.528641368823,0
80.20882821002473,0.31423131513318286,92.34933037604327,18412.666579227684,0
64.51654462134981,2.539932446749376,99.76468436038739,3615.7738082448377,0
70.41206066781619,0.6287709387108814,111.14939377965025,3704.586957008957,0
69.38484320395362,0.7344572332561816,89.50187921998831,7075.29732450275,0
77.04148141639784,1.3654369414541143,93.16756984670347,1208.7756995631871,0
59.748208055558244,1.6144361864875303,106.88603718332268,1498.4245205244283,0
80.16977048237857,2.8972181655506852,100.62043850597136,219.57168148168282,0
74.66328772170417,2.686169089676442,101.20923943859651,2923.7416580147155,0
56.83074926367054,2.1959879942142617,108.17841878953863,12807.747585275543,0
82.082628254805,3.769609443549668,93.64745038561367,3928.5227123572163,0
92.34093080797732,2.6301184812808214,95.84531815921923,7555.799289912921,0
80.01833969549408,2.774043964806649,94.85886506826529,14111.70672615443,0
84.26984767226469,0.7279048086333958,97.2143756213155,636.4632352794986,0
70.85371381602589,3.9779061552928647,110.71617667958142,4181.178297603885,0
53.384950802614895,3.6364503631377785,86.3913592358039,19917.76426977961,0
51.55879548832475,2.279308466925905,90.44624951271942,11939.236015061453,0
72.55082043867759,3.5423855885771247,89.07453546165456,13199.593003292683,0
64.0802119227002,1.9038063718763425,111.21355160548774,10320.96016009674,0
60.85423721672649,5.617175202912453,95.08480052240189,19317.849251795735,1
69.37253316031325,2.1195583123746413,97.38661083132001,2885.9404067855144,0
76.15585287861288,1.8522734151258833,87.0829265766325,1347.4558205157462,0
55.472424532378525,2.644543815837847,97.90091171067264,16323.32334924987,0
65.51122379719615,6.426802471600288,106.93217376673573,81.92739055773224,0
85.09870683120315,1.2120530519313168,102.0236563861837,11231.236097076684,0
59.247116197786255,2.515860813153465,99.137087589611,28.247742743037207,0
78.69761187164957,1.2925738113233203,87.48091579638607,6964.892904288648,0
65.15269238451006,1.850379100554194,97.37638330153622,13017.72938454381,0
75.45793759849953,0.9182075764703969,101.17531811140705,10946.527346105131,0
80.97327507202867,2.719898809741751,92.06540114373357,11197.246040233844,1
77.41281766985021,1.9845081892784795,105.23912926382305,3146.923907962034,0
79.09159602213876,3.488892013247892,107.08054837316055,5894.654041974938,0
58.48406466592044,4.195698128270789,95.77081033076723,14200.582268016444,0
81.13659706741299,4.648488967447738,105.80665755017364,465.94326415137834,1
61.4730688536518,1.3370305524451245,99.12208322012773,11905.666027945093,0
72.59541765571538,2.6484712260121412,109.17710385263051,10341.31223726932,0
72.58246186997226,4.857698245243223,116.27320528046465,6879.144302842497,1
74.85122558869581,0.9117469240204604,91.25067614453403,6695.50619264369,0
73.3695667606019,2.154700484655764,106.15587522837333,15978.94435594197,0
61.56190021475277,0.9698018851294667,110.43971652930182,7639.937255106928,0
56.50132587704284,6.368735092353129,92.23455727718535,1597.193797526515,0
78.72348679961769,4.819149838587134,95.39903465425071,19240.7887792118,1
71.85834577518915,2.9927795498684735,95.30898321416637,2607.385246338365,0
81.49376840957818,2.9583501903705023,98.93775009171102,15949.076601371804,0
69.55267065812131,1.0570673262050307,97.14907595023503,278.8666738958079,0
55.9483563932304,5.217540540457127,98.41372329555934,7287.9684359574685,0
79.66129681004107,1.5529101135710475,106.70390662622535,10303.610932991112,0
66.29629390338893,1.1529373761802748,84.83350622491075,595.6496821804724,0
73.4200345742102,4.3569897884937685,92.20885262686899,14681.732547969117,0
63.52540571520481,1.4324209332698987,105.35942460967894,5211.629824059721,0
86.44301710233691,1.1958804051174754,104.422209188967,10823.369100414135,0
61.23435175816803,3.6342787195270327,91.53166244773287,15846.552647636052,0
66.62570245893825,0.6724248655287786,104.47761560242935,11822.27635895899,0
71.07448702697316,3.0196870807495353,110.61493565455821,9112.265494619864,0
59.07817672913042,2.1738196207829383,99.60778788427592,6722.247240298091,0
73.30519528587595,3.420871474667782,91.93631182348891,902.1045784377258,0
86.1191047746749,2.78130007974061,106.99963405051398,18260.42005534695,0
65.0953783930629,9.138699136977445,113.78436344776699,11838.629242099596,1
73.95142819031726,2.3322755004972695,92.91087757248349,12630.711063575458,0
42.50564613961444,1.42871915182144,100.31401659160026,8810.24955391916,0
69.6107079951516,1.9933076428225878,108.72124507909616,7454.243119844592,0
66.86957714073795,2.759308564612289,100.92286971970549,933.0948159758523,0
61.81502397589615,6.129441609876617,86.02162933593532,3379.83256710648,1
80.81450469628533,3.1625026831906076,103.54734175028639,8510.970101895808,0
66.73756318376172,1.0063234092751898,92.1695309094168,4834.092747950358,0
68.22522512906413,17.786985822934003,89.8342192080479,888.8403249762233,1
66.22807125210929,4.074911188969287,86.17801607211364,10920.280808185003,0
50.83184128234923,0.9534076115499613,109.52325834532544,9282.274088100827,0
58.68013559923039,0.7331072280093928,93.32230944786059,8427.460106175738,0
79.61093486120217,0.6046993853238672,102.66668944198298,15684.588347953797,0
48.90049353120028,1.9123665625520165,104.63163544463522,11990.556908107643,0
62.33684650384294,1.9762311100141408,101.2945519185216,28.30296658515863,0
66.00279943710237,1.1304719813885027,102.37256623979177,15238.197971621705,0
87.43621867291566,0.5173404931057645,103.04838469919598,9651.751407791402,0
77.68603765496368,0.749011630222426,101.10478149316315,10336.279467125096,0
64.428294729469,3.2086663056808242,93.9187238854718,17791.455335712526,0
83.04513697115551,1.5747576503593335,93.2053027027873,2184.3930629921447,0
62.5948417949888,0.8328893024413945,99.16014764659259,11988.07692356144,0
80.09099803734006,2.1679682789049446,98.99068761560787,5643.194619449976,0
56.41122754076984,2.4935435371750856,103.43455785941259,734.2262190216364,0
80.73257831789158,2.7006631807358428,108.81320053732128,8747.632394454384,0
65.93866354529014,2.1052237566509984,102.75124288455592,5672.260619210297,0
59.714957590587304,1.861283095078108,93.51293024706271,29.859216566903157,0
67.82856386923686,4.61002243299474,82.55075348215507,9858.899832776156,1
72.77344179720215,0.7792866218394513,93.84850235296541,6222.468384150053,0
65.05251569474288,1.671171616208974,89.2440771077878,8682.465597017457,0
75.53953505995324,0.27797605914409657,94.1570223811136,234.62290554809195,0
64.17006116335932,1.4971143914179121,101.93821591092168,8035.640131684449,0
76.20372393931358,2.2868920559018178,100.67512406270941,9408.090718658324,0
74.42222062036599,3.608823901593005,114.86542093550568,9320.422944377706,1
69.39076945292065,0.28908842186831224,103.86465241665749,14338.523868583234,0
65.5861768763405,2.2354700456783414,115.27333826651761,19825.731509717283,0
71.51540795765266,6.748644602636669,105.72111523191941,557.2470347248726,0
75.50253743033699,2.851426668138683,108.68565394644028,7920.531009255394,0
90.6179915273161,0.6460081840028169,97.12878182703233,17134.348671398122,0
79.39420421798181,1.4994059762270053,91.40392573336567,12513.935224306491,1
79.75989949815842,2.919843840660963,96.40832087359297,19672.029808333093,0
100.88512194860283,1.177293242824465,99.90504375457601,14268.318874240293,0
75.15958476767844,2.4359485482449252,94.97472892795983,14484.946465822959,0
74.84643511311702,2.3294691300460033,91.99086060423319,1521.6906261819706,0
77.04015074321654,1.8902270792336409,103.33470153936608,5505.095005046647,0
59.91034022411747,0.5783872983631042,91.95682267042199,11676.194183019408,0
65.56098363581243,1.0684685917304564,87.73206441505175,10447.85354526604,0
64.93830733307666,7.2086322467117165,91.02331108881924,15251.828528392454,0
76.47613977219562,1.4186089254861687,98.12515609389402,19873.15384764968,0
68.258254377788,1.5659223830718345,92.07264713788382,4136.085290284393,0
71.38223425474303,1.5591346861307571,98.17528077345192,8567.98243991042,0
80.87454620148465,3.5460760078253837,104.80355444223368,17336.799508783377,0
78.63150738704138,1.6302374459704285,104.59554437490681,16762.98423337579,0
68.38278996958753,1.9242693967897788,94.71339272728551,16343.8686432169,1
63.300049031217775,2.2364833900945924,89.56846730368841,12407.872382296617,0
81.35274731653189,3.8301324497633473,95.39501227880635,19863.86996316936,0
77.73891180909865,1.9313108150318974,105.24515847826841,7158.068984944528,0
53.937431817046175,2.098053526935607,107.11356983235655,2325.896882714189,0
66.8684606109172,1.2274646010857635,102.82311936826683,2651.198163236157,0
71.65515462016762,2.4783713363193622,109.61148840796336,8713.838518075323,0
77.78829717121032,3.023266266463949,113.83361695695498,16098.99969597366,0
79.10101494939771,3.175324897830677,96.13417657496377,9056.924981816868,0
72.83906001175474,6.47712298642021,111.89250603189193,12227.663654146087,1
75.85247531358856,1.0018456364516908,97.91560383366605,7160.432208082101,0
70.64136802378154,1.9943067741670488,108.15878957808052,14296.624083548386,0
63.26148311819439,1.6389716415540108,105.6685797493821,3062.833191923218,0
67.38735608958746,5.708201739566799,84.183532645979,10402.312367239967,0
70.18991186640108,3.2629409985065303,92.27018292058568,3702.5905407432224,0
69.6532074998141,0.4155816247993837,90.22969666951714,9371.842734091837,0
51.14427095556529,1.1390086843055125,85.7436237469929,8609.880487518507,0
66.02516665070569,1.48357534557909,107.03451986716524,12091.242800635582,0
70.56205653089152,0.4850938454958957,116.55017484096052,10190.904719721266,0
67.18630008094298,2.112335728487476,97.93861996240757,19514.822574058704,0
67.53176204488415,1.2739371654843155,106.83325332293103,18006.231902641743,0
74.87991370804588,6.667355833607322,111.87700254152595,5881.559758657147,0
59.21042812951366,2.463480686637814,101.66665360146207,2423.5361185236393,0
53.71957786048789,1.4358983060632726,99.79749548067969,1295.0350140017551,0
66.51830209163325,0.8283922253692687,98.03449657806325,3959.875975917475,0
77.64114405501789,1.8633589432179387,104.30047105763978,4442.148185933821,0
86.87553039486639,5.379489125467779,106.99755240026064,17773.62738311909,1
77.8212823909474,1.6541893972186905,103.69443924831344,18496.817596889898,0
55.31736240131153,1.8762808404200932,103.41970460653494,4609.405853404895,0
67.67632760623229,4.203342486008677,99.59037679033636,15174.62201304213,0
72.5663438108153,2.410854799450621,87.25636379941778,16715.279171413502,1
71.77591116923593,3.4958712339949853,107.18173111005278,7550.211637266555,0
75.39304552942875,2.5933218888106864,89.72299904308122,17431.88214762281,0
60.829510535392394,2.487540847958954,104.95508513668658,19773.04550009977,1
70.64943087550742,0.390945637905599,106.04589319994363,19355.90369768077,0
74.20322829776129,0.7229416205473197,90.87654316407419,14838.136575342845,0
78.2567095330366,2.2222188143523733,95.13759367515877,7433.255419718661,0
61.94281833387208,0.9008720508881607,116.97179641111796,4540.109743546243,0
66.54843132757102,1.864918074500527,99.36414209704495,19857.401366681086,0
42.9618231992666,0.6601097361417874,90.23829059652385,5523.490559243433,0
63.78538032422226,4.227027800522231,106.40703391770433,8767.653934982973,0
64.75585107028957,1.0016617039612175,93.81859835541455,5282.490732712417,0
59.804154918325565,0.8260624259730086,84.63580782036723,9922.377190171932,0
71.65612150232651,0.5212521422170462,104.15815638437174,2207.6210933073794,0
69.44054567954731,3.149937019082287,92.66705747373497,16181.130877778649,1
47.407861224223886,1.8628915423087202,102.5695067377795,10102.142418555382,0
72.15507969301757,4.120331818041522,93.49847969518109,8390.046876364257,0
60.71675869210973,1.234676279939633,105.65763355415748,7262.892001075996,0
74.85688959190514,0.7046781379503637,101.46798659684748,11595.686283902458,0
57.18148752271335,1.7979043144161306,79.28633128832816,15597.761205723193,0
70.3000653853094,4.695844265180529,103.0561003256367,18051.219307987165,0
67.16836671113494,0.38010792757200595,97.68214937255688,16830.36670881262,0
73.0310188495033,2.3703328599614673,111.33374113752645,8910.26329438885,0
71.24697277651347,2.5518073409001905,103.1616627921268,16679.84126291462,1
67.44835824978546,5.2293675982073085,106.04926275002413,10572.307878504978,0
54.63727685955755,0.9367716414614263,94.3156735918326,12763.563162925853,0
55.227920365389686,0.351701613657963,93.6794579934563,13491.208068858414,0
64.16113060907782,1.341494224004874,99.79480535151548,7993.636680973157,0
69.91720116070412,3.4606993024393575,97.11507098564921,9721.062504832284,0
63.91752052800883,1.957912044528913,110.70407241768065,13851.779918996499,0
76.25211930579465,2.7523933344158356,98.77344753021337,6158.564898807486,0
67.20779080788316,0.7483093609994645,90.20142600013017,14938.265834270844,0
60.349872752204895,1.575016255382612,93.37935269049072,7082.062864802297,0
67.2190370701209,2.014499278878297,107.72040867691203,11709.789625705502,0
72.25859836316552,0.4457317714546077,98.66194124589659,16752.454358106635,0
73.24884718824585,2.005296533428594,98.2343058564019,464.0983919490638,0
88.7837913199313,1.4575783675739409,108.48150055374236,4806.800903681463,1
63.310906599965804,10.364437692710004,92.68189448907566,11223.353464203306,1
69.265213384096,1.8970461256980578,82.11858961258136,2122.04880293134,0
74.26123946819426,5.424701877836735,93.17706682914687,4112.0346878393275,1
69.76577040799185,2.737348326574041,101.93671270837073,14981.789269669915,0
64.99381854011347,1.720787145958796,98.00390783729529,516.4608996455145,0
54.507428236557566,4.88577511625009,87.51656303932454,12200.73519355494,1
64.89165440946985,0.6464068114182416,108.12847625081241,683.1410890577505,0
59.26297587282199,1.3162451650197011,101.30797556867559,2318.473939484742,0
52.733933188762215,3.6072173922915196,103.11211755770793,7806.815786685808,0
62.04321158329414,0.16217559135627754,103.35688207826696,19295.373820578632,0
59.52908279233546,1.848144016505995,89.61180603320084,10916.950994928577,0
75.83786545292948,1.835736078079325,102.42303133143592,6244.483449335594,0
76.01091837414293,2.3127260833665444,107.25963026561605,8226.52712434076,0
60.96120710419125,1.5890567531221258,109.12248184296523,11375.444114143156,0
67.39771369436879,3.504356793909636,105.77010660010362,12388.33039802622,0
51.41757337887465,0.980012216122093,104.1050372687362,5358.065761777025,0
65.05660049817305,3.8546952856174985,86.10062988183668,3945.8887591355096,1
73.98981900702346,0.7271392001444364,99.88052277778024,9906.186467224286,0
78.24937889614102,2.4512302268468913,92.34740520450843,12897.025004608737,1
62.86952918308686,4.492811689652091,110.25734305557087,16331.599872276525,0
80.5185486052752,0.9040166975170691,109.0430359390164,11855.906320536054,0
54.84308078486528,1.1143287439108909,92.39576951423845,13848.68168620003,0
57.523722008562075,3.949357767379022,99.63217453035188,9679.585222289343,0
77.09661865637877,2.1933112319691044,101.98807554805686,11334.385155853153,0
86.71121228563247,0.35660996190809907,107.20633005991228,12708.951314924921,0
74.93431988183696,2.2581370071599527,86.59505400106038,4726.624881931609,0
69.59657613465987,3.092975024663585,82.32302148929894,18681.48312659901,0
48.048162534777916,4.063591806614794,100.30518808672657,6906.77779522808,0
49.775529439565204,2.4078485642605436,79.74866542099656,12093.7627062672,0
71.2940953689587,2.804029725130954,101.26857927849652,11219.084175087362,0
66.41937330428826,5.792107309941042,104.73766218866194,17066.90949869185,1
58.94164817847882,3.6823857743653603,109.88863926662219,2272.087501406559,0
70.6553258083005,1.542056318398017,95.01945398995205,17684.62033693675,0
71.1513136750781,1.7083847876350573,101.28945316908126,2740.301014691875,0
79.44415868540273,4.367079722624075,105.2120787172826,2890.6075436177603,0
71.36602283012701,2.3711530389519515,90.59423993268514,17245.096659142615,1
82.28394368334385,2.114477237792256,107.32278238201279,5142.038127903404,0
70.07994029548813,1.5027592801891536,102.1947386018212,12235.729421141179,0
68.84665005192664,4.252616505264841,95.15642935435352,9272.21475912693,0
80.64312186247182,0.9530251539453186,101.13104457780477,18685.325050825424,0
60.21559119958565,1.318862297668386,98.88532411856208,15641.679761481524,0
98.14447453266162,4.243357704455448,106.24059160198291,6699.8755557456625,1
73.75257478166736,4.207591452455723,97.11631927882453,16268.814931525116,0
73.80829252837673,8.20153037913953,101.81672394703088,4515.769780703407,0
75.25095973972597,1.8535803401207478,95.0325470547735,12311.427035190274,0
88.77136475331642,1.5218430147941935,92.49725729046614,15031.675434492156,0
77.92507411672607,1.65004735381814,101.37226233527879,14063.169534260709,0
53.94944020996076,0.40839282770823476,92.82585866385145,13133.640061271446,0
84.03470384767505,0.20274717388923022,106.40464233159058,16599.376613619123,1
66.59103420554983,2.401610517618891,104.73786025741698,11124.168853124922,0
71.07155072839323,1.4283738295678883,93.8790843492489,18566.95812019444,0
57.20746027824734,1.0146415169177858,101.71024345498546,2896.195432838744,0
75.26202018123895,2.0913434334927836,93.84240079732787,7114.171867754438,0
63.486257099324476,2.444043404388334,87.16549755358659,15659.840235648478,0
71.00169637993474,1.753400927989128,95.2221986604237,6161.114156730565,0
67.15900994639217,1.789847769148225,99.59746536581832,8858.982145622678,0
89.25012801735852,1.4144033447784288,104.17126979930826,15457.591154545853,1
89.82260300145589,3.2618785818072427,101.19583944376271,10771.39705574265,1
70.46513170214742,1.2428576063352057,107.26139692022583,3752.3517241171867,0
70.63977711368855,0.8292827708616075,92.15067062866741,3496.770679146206,1
66.26557033650485,1.3651263710986095,96.98641289670272,6024.645876311003,0
81.06006291502786,2.320943342587959,113.1549336141306,6060.251411588289,0
66.71080129666623,3.4035299686984257,84.5513595763934,2733.490921622681,0
65.786627253543,6.5640555252560375,96.38436555259204,16693.213244229762,1
79.78592863664964,2.0993164687542425,91.42804841789881,5652.5325573610035,0
64.6170090468335,5.4715996393209165,98.43681276596737,16044.930051881176,1
69.6224496555147,1.1544190182107434,96.52442010051107,19469.003641989024,0
54.18689218489007,0.9832446443242565,104.81724350472066,6639.228124112524,0
77.04190345123168,2.7120653661991008,102.04416527527604,19404.619875971966,1
89.40866939181869,3.0108446479238875,89.55505942471775,3824.0159806941156,0
77.21225372799792,2.2632314826024675,95.2947034145673,12949.066153813706,1
84.61799167547305,10.518496666455217,99.99906360699451,19823.60298305726,1
61.538978638226695,1.2110440130071165,105.91504707231212,16167.43829074047,0
72.36324282028201,4.780543321358807,119.46365027743941,4594.015735053292,0
60.568400756306104,1.0074769714798106,105.62236631164333,5146.653041622002,0
67.72234454418657,3.184836028475995,91.90000063560412,5248.612133419124,0
77.72211477352505,2.0307535207499914,99.24923795680643,18859.852751599476,1
71.01820613103298,2.381436869577256,101.44780956027047,4908.2313925583685,0
55.87358977398779,2.733080919131495,95.84487303725183,10192.306282002752,0
56.84970894462246,2.088676764317681,103.76206244747635,6997.785901268683,0
56.18836068509226,1.7846888699737857,81.82898329279611,7225.388005090334,0
74.9145258993959,0.31269462531201947,104.425196970624,8164.357495915054,0
90.63894535656668,3.786536769074269,96.18890062055623,6900.898884147122,0
83.62458244000213,0.6105308478625537,99.1223581464358,11998.551178076255,1
51.04014800853936,1.442686102696026,111.725783512212,8509.431861534831,0
84.21075938069784,2.5116481636901007,89.90786259512862,8820.231320071918,0
79.36400417014647,0.7283486755248394,102.18175422883064,10119.879576392963,0
54.547000544712425,1.7831329466967285,106.35137263205158,7123.570476869115,0
66.96798383289503,3.4896852143534693,101.3626916662904,15091.191649724935,0
80.9552241149581,1.4151111622358294,87.0864615558386,10069.647092669458,0
75.50433510934785,1.806869349399101,110.80317301841062,10184.222639117963,0
56.909049476120146,0.874461015062399,98.30916759674915,4196.902864627974,0
76.10742155796194,1.557443010295311,95.77967319937578,616.7351462481507,0
48.62499403919412,0.6278607360632504,97.51613694245664,16185.502321702179,0
67.77177824242789,2.295916065595566,96.94282887195533,17109.636944113277,0
81.37956769400049,0.48819474102523625,90.47856261800179,4824.935933093144,0
70.1839421557132,1.1722116808212724,101.31960468861854,7200.646029985329,0
65.01062450038054,2.044431788802618,95.22213593668799,7160.358337656851,0
78.8934625377235,1.6899131556210805,105.36710617719864,13684.246704645613,0
79.74751815086582,2.615397822258788,104.14076394892145,3744.7184110650624,0
83.1003969286695,1.8115044990343696,113.00535529411047,19574.26764713053,0
78.74342428446387,0.3112822662989845,98.30693485301856,1237.2295045657934,0
80.81374793937147,0.7165259300574078,93.57400199164147,19475.349879710873,0
77.32908557437534,1.9700947368350294,88.24206131877828,1375.6417585251968,0
72.65528649116472,4.149758850683815,117.54674708859851,6350.280522424668,1
70.89508999763814,3.650954139694154,105.29686397212907,5013.8650086460075,0
67.62740280902598,10.336155799071532,94.46064063056167,5192.685608435352,1
57.876317069402745,1.2887542444847762,113.5452407141371,19893.389732537533,0
60.44688491180192,3.4074289317372455,110.84929907108825,9167.035036179259,0
67.1798551806479,3.239224052561136,89.1897799803589,2390.2112972638934,0
72.41452159602429,5.610679609777962,93.97220099932822,19645.59929931738,1
84.40812598004263,4.617610787655188,98.94140123871703,4853.3114663753495,0
69.58202772124487,2.4243866128720475,91.4393192319843,1450.9408378445298,0
80.03476290877664,3.0237002727984374,99.22736429671316,483.61259115368813,0
80.79315656432121,2.6223637266096245,105.6956955715183,9264.615236478194,0
67.68553202311209,1.9130356446251096,89.01391313342165,18366.64736398532,0
75.94690211370184,2.869647184992186,102.3440043837915,339.20948535799414,0
67.56471958275138,2.2422907961754213,109.34798380346164,14503.528620580495,0
83.22135894078477,2.171332517336513,103.20176191416418,5208.436635012011,0
76.35843338265933,5.787241627879441,99.39506916175927,4381.209310365013,0
58.095162453116444,2.459334429996923,94.65518592338995,14075.795707394738,0
71.61524652153847,2.0997444834702192,106.6467349767948,14957.465290269403,1
86.4811216182388,1.7306287991686375,90.58463910361571,11180.305103963467,0
68.18768965453299,1.6142737567043612,101.94233448876098,4045.108700005544,0
74.47715030095068,0.6962415515582666,100.20412586442653,126.16282600341755,0
75.45878837739146,1.914504072729441,109.00488820967767,14745.555859570602,1
59.633771008353996,4.296433646392475,95.33800991144888,11992.289887848347,0
75.10707949213514,1.2572834839483569,96.01811350485507,8450.924682756742,0
56.06164847965374,0.17457270105191172,90.06508103494862,4271.63903586053,0
63.74375893598604,2.7920006458748166,103.49827419680327,15238.687888768476,0
80.75722967494193,2.305482861649644,96.60947325574202,1417.9053941628329,0
73.56756290308358,5.718378163919558,93.10340818184119,12854.048104235533,0
66.95522192253473,1.1438407586735393,93.86546986658175,13767.968344590192,0
74.46461021245187,0.6196445022010939,104.29684397170327,4465.145797628289,0
69.39907752244869,1.6601698451362072,91.17631600221549,9666.498265359107,0
70.12578502351833,1.4570088952393305,91.88667228016254,10403.987387990088,0
76.56818526720137,0.4022701960343698,107.17089140413907,11825.638471811595,0
62.72632259340868,2.1146344818660676,98.67103539336422,18023.75935423697,0
70.4033640555469,1.3597092339014354,107.64356068787446,10928.302000205573,0
66.87731805393346,5.020238104888349,97.12515347752668,1346.3691810821033,0
54.14396625399745,2.1409133575797186,99.99099280482694,6899.438103365323,0
60.795442437507006,1.0224960403991348,101.25039417548973,12566.536937079929,0
85.68206447063832,1.9417130427502731,111.09829013717459,6662.814748575245,0
73.84723314585234,2.272558644099704,110.44698260968217,15358.804562329016,0
56.76411698598611,2.989068258806697,109.22589630553868,3798.108121885493,0
54.596456241515895,2.015485851983265,94.96944904051686,2860.102288406783,0
68.87836099889417,7.253536528074292,92.10536344493426,4620.653394519747,0
85.61186533176482,0.6745438166173231,106.08633170448725,17521.700105957356,0
68.13241865195647,1.3410021255965108,111.01407761840653,13618.694021101172,0
83.06999553404016,1.0263615080853237,109.3025498569499,10400.973030374586,0
73.51930770818657,1.5123452884785136,100.10439405866737,6006.7457109318,0
74.71250457845893,2.4801672205017398,105.8224683589932,18371.816798870794,0
56.64279490695431,2.354240094838175,105.96310122468103,17775.528066448835,0
79.37522921749758,2.937580336420816,101.19154233103524,7988.009093348718,0
66.65067962726393,2.1311814505170306,101.538988997896,15054.476753415118,0
78.63092453610908,2.2282012869366925,100.78556269442244,18271.27831586803,0
61.85830018013887,2.1636595743427924,93.69522773376877,6267.068211422466,0
71.77049347509913,1.3985226591493527,94.51158049955238,6574.366872543947,0
73.52002953937631,1.3143959502788651,94.3880771079229,10916.125855094311,0
68.45966683424133,1.0082984689095376,87.20610578573996,8167.331777502025,0
74.04545193086156,3.048408238552731,101.14287941878727,15229.591514052347,0
67.33602924807491,0.22317912836835427,99.67541301729952,10738.605336728377,0
63.50940246958721,2.1920254338798566,106.09571308546963,4237.109172407043,0
86.05483382793965,3.4530418003219023,110.0857382638329,7127.745343614351,0
80.48952866361442,4.096021713759927,110.59435491877224,13424.781048463468,1
62.39135254951823,0.1421026782916868,111.34772366647802,1068.6848764107303,0
75.68444305594613,1.4344191684784704,93.94335178168794,6843.3435028925605,0
62.57321145298847,1.060993659470678,88.5443257761027,321.92223187364146,0
58.15315356337676,1.338580044915356,107.44594862452347,16417.339126421735,0
80.33809441398977,4.688805503894669,111.05706750560721,2343.7986349588778,0
52.95900374352594,1.0668834138652914,112.4479395776834,1544.094417027504,0
79.26855913576541,3.447385864784218,103.87996967753901,15731.860333325518,0
67.47277687426941,2.2148360845412123,84.02636841917098,1790.1372521778503,0
67.88453396919472,1.2914561092131465,102.92487570746874,13685.250854818965,0
74.0975121962329,1.184706255201507,104.44352694327529,7597.271515186863,0
75.81198811994253,2.3871414373121826,110.01660017006871,16433.989178378808,0
61.73656823171092,1.8624067689600239,111.43702955186588,3657.025089726782,0
77.17725608750064,0.37177405109246003,107.27706722708268,1688.3414711508183,0
71.13370538025224,0.8590583216582447,95.30176881363316,4568.149044882331,0
57.43945207131962,2.4322202712509706,91.76706148357873,18642.700696206237,0
68.3012551642026,0.6451574577469651,104.27168921453045,16582.41946328634,0
83.81279015558925,3.790837774835259,93.66067911659547,5715.746148671432,0
86.76594798245696,0.4750532242911266,111.80109685473897,4122.282823826528,0
77.17348457608678,1.590340709998155,86.36352850118463,3136.8377575557747,0
58.0965651183163,3.1148326790439334,104.53509289915733,4424.068120581217,0
74.90606902455889,0.7978842565869191,102.55627979793991,4100.878868465989,0
78.50860903859193,0.6031412300397332,98.3458666597507,17763.757369862185,0
77.25707983318722,2.7278444379107634,92.59906980556207,399.71816728331834,0
77.84954288687918,3.5235405782873834,83.5057895804555,17602.45019220997,1
73.63263079247531,1.6814571288407518,95.74857051141854,828.4941667410939,0
69.27587661169456,1.4028312876664524,95.88893455012811,16536.696610269537,0
63.91632504095982,0.45582588609519353,108.89389327078764,8514.944728831728,0
51.02064481498503,2.0682721514377564,93.737154893759,1544.111092349485,0
73.3964176671335,0.30889959813718953,103.62216490851033,15980.104143849267,0
71.86052843652189,4.732820911629813,89.66208157246564,5128.794171971187,0
75.57575842824816,1.7461288335171108,103.8419855526687,17560.56105241798,0
56.62456306707106,0.8751904822682602,82.09839718252266,15045.153084152898,0
76.45016689315061,1.17501254156528,116.76236942344556,19635.409459345927,0
90.54545094620778,2.1884948610197346,98.87145978561719,16637.457812618042,1
70.78450130777911,1.345226272862701,77.64399420480794,4819.2280689387435,0
69.38334680793459,1.926306927623863,94.258004195521,8184.304007205463,0
73.090023560857,0.764833792290246,92.99470213531308,13932.606030027719,0
90.32337024710338,4.151423122988259,94.75345494506959,6321.299125490223,1
59.76352238300109,1.1962153591269074,97.08286883360925,10930.072372972936,0
72.03206933393905,0.20834778711828209,94.69906277339527,4752.942376430927,0
62.00342577702356,1.4416779684773802,93.4687033834543,13259.017221732543,0
64.52995279155004,1.046469083133285,90.73053638400926,6842.679625448387,0
69.5040969211806,3.9651525940111663,106.5743153914647,1103.560766741567,0
83.47323241613559,0.8791971327375919,109.60908492188997,19355.481246928284,0
88.00990600688738,1.3298260561570858,97.96340941410969,16878.071377634813,0
74.48142144626706,2.2339927021335755,99.8589067997418,6074.335452176327,0
66.23405276976514,2.9511146628311855,90.98935311845938,2592.4960038008658,0
94.92738866638518,4.94434158334242,100.56816558669139,14704.52346530628,1
65.7244551867048,0.9454741409335903,101.83971009723055,4413.455635547494,0
64.28864085640262,4.579919060628562,98.2448111222894,12109.08147464854,0
52.25056955421273,3.861187860408949,103.16859982215558,15581.582566859513,0
83.96091569244743,1.032882456817411,102.4696702564082,5448.477267665011,0
79.68245592371294,0.9285968155966887,91.56688488727536,5692.732702501784,0
94.17805536116447,2.595689697030733,109.54438010983165,1232.253293304446,0
56.10476647781874,1.8913504496119118,98.3388299213634,6396.963150655748,0
84.5817080747911,2.5908091381876575,113.40457281533588,11949.021369296557,0
70.70135518366128,1.4789218719106658,103.36336471535381,3115.936521468865,0
78.06100216800137,2.038102719855374,115.76746504297466,19061.65588594323,0
53.52222858895529,1.7548271945479252,109.40215335445157,14448.314667077095,0
84.68081822665297,2.5654199917745024,101.81751702512689,4078.017745390727,0
77.8651675133183,0.9002543787374434,94.21514506704301,10612.333449129897,0
69.61089965213783,2.1573396238493077,94.38746020184404,7828.817681651605,0
76.45112687661121,4.8771517568126415,104.26427427986017,7647.063141773531,1
62.34504698957751,4.690864257887752,101.14500867032734,11199.763993724346,0
64.20559914418301,2.3459290622278535,95.28779011207132,2163.0131797656736,0
65.36555386374604,0.8837945929686915,106.66447958088034,4306.272517028065,0
51.47272138309722,6.474034913941041,100.31017064284826,2993.606093328971,0
78.61758494203367,2.5660322719307116,106.7120785224058,3479.583887140243,0
81.91593614182567,6.057158713109823,92.19623946638754,13104.348960910726,0
62.98655850236158,2.6429724350874144,107.99577334406534,19923.2977551585,0
73.48203015944819,0.12018947731088908,104.00796455477824,13022.122305836936,0
67.34459525370764,6.446385440494196,109.58055731569523,19694.47044112793,1
73.2827396208103,3.4921956958501448,107.8194440057307,11540.147111795892,0
63.72422758788971,1.980394611015059,99.32037279433669,5666.17239180214,0
61.16574843912364,0.3453452810607382,98.67700367485348,17446.096608742042,0
80.52074886023743,3.759883043194517,114.26424794072753,1343.8219036154496,0
69.36129414875508,2.624765294482633,97.67545224494432,2048.558768279176,0
90.22108950853476,7.680381492629086,105.98746959070276,18952.488177536998,1
70.4630996479414,5.660473360802209,96.94890406248206,13003.703987075149,1
60.739219596495076,5.940177741455519,85.10493535889881,18579.240478018713,1
82.26940876435938,2.299917293870241,90.18128721755238,2657.7304022224466,0
76.3080016414602,2.223944028836833,103.24736707889586,15365.219071153195,1
77.26872863696424,2.646119358472991,105.60905359684084,4696.209011733441,0
81.90600678867918,1.131011995761509,103.27370727376129,6867.083686007096,0
63.47203706154205,2.025053765179729,109.16759601114802,17979.82752869274,0
68.72746691014713,1.7256643583285565,103.13008124187303,8225.10698553142,0
68.28550168512207,4.490938022146561,93.79812234932733,13410.731938935103,1
57.092534630843815,5.122594501351671,104.75441745179012,17745.521084836917,1
67.36409849841756,3.182111805101894,101.3568636874397,17417.478567436265,1
83.36379457876825,0.9755305111405003,95.39553596040369,178.14507646632282,0
72.37338103793847,6.72160116209306,103.78015441173488,3164.305513513761,0
56.53938672155012,3.7463757167228673,100.63496132813957,18372.432782713306,0
54.44160588335065,2.5143876779968655,95.15999559290123,11248.317366445219,0
86.64776058748271,2.9733635999752215,98.57707381149616,9603.999777593004,0
69.0968098974487,0.5514653721175385,111.30853708433713,1305.1571654069448,0
63.525897942983825,1.7281669072851904,111.04710252855718,501.04481874902575,0
67.26008235102996,4.754441710236952,101.50515311416433,19068.294740354024,0
55.22692245682668,0.5239739253598112,100.45813726309828,9477.021650098837,0
84.2309514951162,0.5078877002953517,88.53563210188928,15728.34631009212,0
66.0694706241397,3.7628572842951495,113.75492090693027,4400.027866989495,0
83.67401527738421,2.8253563071097223,108.29073509894374,4741.43904984411,0
70.51651714447316,0.5305746158557232,106.01561256563461,11205.106407884128,0
84.2953197456844,1.6072672574489129,81.80215426327489,17520.516720968324,1
72.56694499043086,2.5143935404737725,100.32738120524637,5771.598712091912,0
78.53232662869075,2.300570050736414,98.9829703334473,6575.999675116426,0
77.19093046088337,2.661065134041284,105.46252350640479,11012.566124393423,0
76.23291066251971,1.5131383363982536,96.39175349163364,800.1114353545825,0
73.4793447718271,2.388354712781006,98.14631826837184,7575.2429649054375,0
67.67149283884415,3.1780951850052697,104.95530351163762,11125.657792833921,0
89.15434691572861,3.0072591280263556,93.81137306329057,96.5360451268671,0
60.930630149040994,1.5496074059678946,95.40765853272543,12760.070343319203,0
70.0430764234316,3.389516283641406,101.54661311808769,1019.2195630948642,0
70.14885875207595,0.87872285831938,110.70788562679658,14399.1783946344,0
74.02440753343521,1.1748394537438027,106.46775789778678,16033.569218406536,0
65.70527354105499,3.7592030125959353,108.60323255145998,16775.895156146413,0
73.14746305589588,3.3401434446653515,100.50653444972232,13467.76213649091,0
68.31157414797033,1.662262953505609,111.9606241902638,11231.412091559341,0
54.180474825621005,1.1546296329394097,86.07054060398953,6151.229884223837,0
70.09552286256846,1.2885894993364866,116.17791374721078,8492.274371332815,0
58.99434666969849,3.080746395067241,117.21407180144028,1741.121140603983,0
52.65614237551099,2.6826012981740077,103.65293079629512,14142.03114794536,0
71.36873320689385,1.0940312370929812,106.6581010994841,493.6873606895764,0
74.87883342019566,3.323938120756314,99.69600108795777,8268.741690748273,0
75.26698042104576,1.6052549812959411,98.32345309541331,10124.214033467906,0
75.67170707019694,0.9053501803434304,95.1130369970853,13001.790360069328,0
50.674109790593896,1.3998078561268428,99.60790386988461,6863.977828129535,0
56.3898307209253,2.1426282843844002,104.44746780484563,8855.756657782831,0
89.73521436813671,3.242617237356527,103.35907077730738,11747.520238828016,1
59.527912399229635,3.0975447165577985,115.89282457352991,18463.495816696057,0
76.1084103113669,1.8522437173769426,100.80219636642042,13439.442623416631,0
63.13062378334154,2.333922587688814,88.08937150923975,5088.6880514062,0
70.79672739267565,1.7305952551333526,113.15448496978733,16945.27241198687,0
63.66745797726406,1.0957001283997072,90.23236577392184,1101.2894360476855,0
75.61541154619644,1.9059184172849732,95.52487259595661,5445.981239693389,0
71.36774117316699,0.34223925026982327,102.17394513080723,2163.03568037526,0
65.51710226355766,5.1882520977717395,103.33740065810579,8940.772808605177,0
59.498278803192896,2.2896024081774797,88.43649344855558,12738.543815070609,0
72.67774197492511,2.7584179405403924,94.02822210901104,10619.906425457406,0
57.8728120095741,1.1366428210157449,88.15374030981972,16225.244042759881,0
74.27481042120839,2.275297322628991,104.97370450658049,11349.763286741469,0
96.264849090369,2.5594144935369836,109.46703907762308,4653.338925139927,0
83.50170051262012,1.6672497900426675,90.22529564602789,10728.437223368543,0
77.18347886894163,1.7373152251671113,107.96527962438292,14709.790430653935,0
69.14392702258853,0.6382484767877109,107.4462299545973,10059.06728517679,0
50.61247372996475,6.317597255890572,94.72743368070797,8839.390967667796,0
56.77713604099816,1.1227757065848123,84.13936771305738,10581.947067998508,0
82.82792856102714,1.2469424445292712,91.42995184644217,10961.163447190702,0
62.1024391987522,5.4091350757953345,95.23793930472966,6211.142617192644,0
63.00747901835953,2.850094601366695,112.33336677447355,17084.52702116649,0
68.34349524315978,3.261072780579538,99.05357939987023,4153.660295538186,0
59.37953741153446,0.5990980374102903,91.94537619207757,656.6424341657306,0
57.732312654483636,2.25473939966845,101.18278843961552,14829.844317149318,0
69.49525927218578,0.6059793354480145,89.63721863307534,16846.27541997876,0
61.08470545327964,0.9878619642240317,104.1147204016508,12854.725459399166,0
62.58981420221105,6.919421226925053,92.1786875258259,9378.902858251338,0
62.18808973852994,0.8361809279230653,93.3398100784754,19504.1089248747,0
75.22360213834469,3.154985711900195,103.00393638745514,7415.204740874,0
67.67874309504643,0.9080780318432051,114.00186946241776,8117.957065890638,0
68.21428032106147,1.0073217853534835,117.58230048188717,11822.2549452266,0
75.96945897308883,9.706891587680557,91.68107595376367,8608.53766805693,1
68.5796039176706,1.8593738764635346,95.22714938627745,11105.967533767418,0
67.21746231542826,0.5572371277636988,104.12425828029887,19331.274250667455,0
74.7045035557017,3.2478537936913594,109.35031478646964,4749.973845020679,0
76.68197843557631,4.530054870412058,82.68733048329821,2971.2585158887905,0
68.52926500491395,3.4563660179975724,100.6986945512504,8471.024667893033,0
70.80607775620521,1.7379417797993757,96.10285618748884,10079.971264073602,0
62.182097702666724,1.7829019174453264,84.60783040775752,14263.931687497789,0
61.39316956835474,1.3115641878014879,89.30265776006104,19103.463612617492,0
77.69147501966808,0.7478616673011473,95.45780432287242,13773.40674139134,0
74.44942062544622,2.525034617394311,100.47052015985965,19743.50311228639,0
74.55298438416577,1.672644185628549,108.06482288211316,4926.773866872522,0
72.80854348725522,0.6148728780915503,102.83478492065652,4177.8017736133015,0
70.46203275814953,1.8942561557447704,107.58031549734122,6130.6950179754895,0
76.96411890822769,1.1285168150850002,100.2137946867781,15742.47845214951,0
79.35108761022784,2.430674239033638,94.36043242450401,3730.2944496793966,1
79.11228005190648,2.260156326844725,98.5300003690354,3923.8009933686735,0
68.99222084054013,1.495323910296787,105.56413877975369,8234.715212289211,0
83.86992729908837,1.9623818972193274,108.26049735461427,6350.885747926509,0
72.28460681732321,2.0902892350806357,98.81700252444922,12929.561782876213,0
76.32376192565799,3.7584289764329135,92.56707790093569,17803.34065689016,1
72.8208789083488,1.9091698048491927,102.68526527589789,2773.2114368379944,0
72.47006707484174,1.3373061518319664,103.82384771073777,10935.098538988717,0
62.6424800974968,1.6141197550420583,109.86175268842494,1768.0143542622773,0
77.01350838344825,6.008368977545708,94.56989701632317,4429.8682012558975,0
98.4529439490764,0.9370928736235069,94.6576219658745,6182.030927907263,0
66.25204925209917,1.696773011890422,106.0492815803166,11582.058914934616,0
70.70994715424948,1.677321604928382,96.74053143192712,11097.57984506148,0
65.53794735652738,1.7323196668394598,96.40252653856716,12861.325033595713,0
65.11980098438066,0.7241963195640614,110.03311896112194,16378.128344554763,0
85.44449478118673,1.6072738253950294,89.03195514975062,3744.597562548615,0
63.27028982272535,1.2831795360715534,116.4496251182041,14867.64954921609,0
65.25919526633639,2.4226893109006875,95.09891669513739,13340.419098887873,0
54.125071762686986,4.128470929764649,106.9338272224057,1594.220698505977,0
62.42388275457753,2.5593557316861486,99.129602704597,6893.906401053431,0
52.91600107046652,2.1475176681819117,102.17089827897709,553.9869776334849,0
76.31804699211929,2.740402656835713,97.8977080019059,1803.6876348223418,0
97.99697221837309,2.2941100057918327,106.85261321626379,5675.736001133216,0
66.33321206349478,1.9505324080136066,97.22140900784346,4862.323288687045,0
53.332420670097626,3.662465158797472,95.41642822523919,18003.475388775845,0
78.99999664429734,1.5734902952248997,114.50673460695994,17875.771257496075,0
62.730750410698434,0.7150841596393825,100.23506157610953,11557.350351533703,0
82.9934693055354,1.2487335741802494,94.59443551184367,14700.711181722098,0
67.17970952210055,1.1184463658728085,88.07770728070481,19992.026262655047,0
63.68184310917219,7.082523036916495,114.92462424828784,8203.853955950575,0
68.22042444254313,4.291916469715724,95.58459698835799,10448.508521258114,0
77.57776760936187,2.166568295756976,116.49470590800918,13022.998780903137,0
67.72579369244343,1.1423463408649446,103.19083481130306,18411.164248373636,0
65.03275297206295,3.637453493783946,101.14308160241961,15940.331014482626,0
68.01168397021128,2.1062597438529074,101.35875049862398,1288.4355505347921,0
57.28144815499115,1.5761315750387308,117.72760751421356,14259.00568240598,0
73.9703160229398,2.1187798749264766,82.46225144463311,5038.710605116809,0
52.1327340615509,1.6092478918248336,101.71473215606004,5098.033930830983,0
65.55878545634485,2.71787783224763,97.87837113975954,10944.76490104991,0
77.59385208830743,0.6563503889697441,98.2952529193355,13926.017024611556,0
73.03048282932717,2.704484503522016,101.19449481713524,3184.556450167948,0
75.9032057298639,1.607619664672685,97.86996680403098,6290.2296192787535,0
69.34954327281191,3.692200613490059,101.50504533750644,14322.42008500113,0
81.69746180985517,4.358783025237101,99.81138030275957,3040.039864198778,0
79.24699196769792,4.9912187025826436,89.4915345745228,16994.169526993508,1
74.46141004247674,7.425205735166257,103.05092830248704,9120.855883248521,1
79.27545777313543,4.878080043714678,105.72843561359664,11719.805004170275,1
77.50423554403577,3.6142421591487635,95.66347505993534,1607.9679675098846,0
65.60536486653109,0.7441507472884751,114.94316862579257,19090.024886026276,0
56.56101088308667,0.17878626181060317,110.68457396531275,18150.64509942645,0
74.20362125842624,3.9513604065856094,106.75161839336937,3801.574322401273,0
75.46089230831429,0.9834874749408957,106.65456595222412,13262.045530577943,0
80.90471991138565,10.808697426358831,100.2407756208791,15862.344374646458,1
60.63678724954707,0.4961423860220162,109.13097683787537,2439.348036720581,0
60.93568940722837,3.510570888642274,112.56603689649681,11549.071188185284,0
74.5990026630777,2.289145556892252,106.46419210249559,17009.07860276797,0
69.28833011146914,0.5551175930758395,95.43773326550108,10134.2819488143,0
51.14238389428872,2.278971477840404,99.6825484937072,18475.70679849621,0
73.7510816375419,1.0908768586300785,104.58936026380871,956.0379384122531,0
51.47577085011045,1.8641137972311728,106.70195923236915,18384.213659473473,0
60.54743448126624,1.8838333783685872,99.38018228365159,19544.36095455243,0
83.51681372860108,1.1041078898462229,95.46553162314342,3118.842019462327,0
88.24879017807115,1.499806930466192,112.67365589902266,8619.003932181802,0
57.843436315280385,1.01708395492233,91.42144228384834,12415.298453226673,0
66.70608462587306,0.3578317060649698,92.46934595493666,17864.765765775024,0
70.42622523078705,2.14267379399969,89.38297752398869,3190.5234577947626,0
87.81226927581568,4.861642353858572,92.45159344300541,6680.55916141617,1
65.07131052175599,1.0688289303826979,109.97875901695203,15958.596234020393,0
65.23115976966722,6.512272783600521,110.24666205210562,8200.091254238314,1
85.48725558462861,7.404242444023939,99.40763572427863,12098.86949548881,1
66.25210847281743,1.4011216907865223,103.97051516445424,11200.110464333231,0
77.22201708966458,1.6736447473016356,99.91596337900867,19463.433913531917,0
55.22857034887572,1.4232122918377523,90.46418539237636,2830.62447833635,0
68.28767255907674,0.7545733955074331,117.74485606139547,18968.81124175231,0
53.40403161673595,1.6798717586472296,110.99791972055982,11283.01431375761,0
59.44566219044296,1.5371462582876882,102.83535524263766,18083.045161106522,0
78.39201355152264,2.1155918643754315,93.15288062086184,2358.8427369807796,0
69.50094608913287,2.2010453425119927,98.20052498264177,12830.060277597753,0
66.80894259447025,0.703168579578606,94.46059558864025,16802.20072689087,0
62.512503760190825,3.038454184386534,100.78065792742775,15737.630028272006,0
67.79343926758717,1.664475553210154,102.47938539679478,198.76645068491516,0
73.01113167100694,0.8335870326042675,97.2709960495171,9044.109324244015,0
79.82916206461762,1.6354630513970287,88.36469797674398,2306.9344873710397,0
43.74853315903198,2.2637185538370876,117.05647188572706,3056.502155554748,0
61.682388257371905,5.472664185284576,101.90021397465081,14125.754199617022,0
71.59096242189005,4.900535962320164,103.65273600155541,19131.5905906258,1
69.01136884037714,1.3078864963255223,96.62072491140012,12681.948823664032,0
74.03376242526726,1.7531851499486901,87.5039110773663,2047.5412160911887,0
72.67540286126554,0.9915086177046353,99.3335957528173,4879.9318371031595,0
66.95132137006593,2.5353369374265866,97.4142239281048,7577.487948478292,0
64.73146804012823,1.36640052208521,105.67627504575661,2507.1510235248916,0
67.54498510264499,1.7078072106558893,107.24862058700936,16959.362047501236,0
81.48742349822743,4.046630363581876,106.12023583767497,3890.1036644154565,0
62.679920670942856,0.7005478086457586,107.90617868733719,2591.0215446749007,0
69.37193276856044,4.9080644446284625,114.42932645981278,14513.693443066299,1
71.83342213998421,2.7164531872627555,103.11881391628445,2536.647025311425,0
85.60350929874458,4.755253120997669,108.79372656647868,8206.388942970272,1
66.99691741763687,3.3705294176372815,103.95088459068583,10310.1660950234,0
79.58806656010961,3.8022254843712493,84.79971680017667,1604.5858738979457,0
82.31979403265022,2.038028089760189,98.76383773849832,11115.764081370573,0
69.36245735009352,0.8143057291044681,93.05830794476974,9603.280050999567,0
67.89281020923238,1.2288501951262496,101.85146664563489,13368.325574539102,0
66.70946327951783,1.0416341066162151,93.6719187254909,4382.918599473344,0
67.44176865757417,0.2701522930524755,104.8454471202427,7132.582881266276,0
78.54239860576833,4.04174590984091,107.84822478511676,13193.106781199569,1
72.31009977255513,1.8683406744472135,109.62856036816127,711.9324448212772,0
72.3528970916987,0.971709502349311,112.95409249219414,2315.8988558735905,0
58.74776489620165,7.217985870458572,86.59180732743286,5671.036626301676,1
60.32509922624766,9.296735371200969,90.40799972042545,2127.12747814376,0
91.4344682477698,0.6205024751081928,123.42252148986495,790.249380106165,0
68.2217427471131,1.6788735026269939,108.07618975887635,19747.648452953687,0
62.2522800442164,1.595285179303484,101.79558376837609,9115.199643644288,0
84.31099165589298,0.9060366223765886,100.25630008249516,10673.680101992444,0
72.81808548683551,3.9770061314634146,99.54511882324064,5098.09792764103,1
75.78154916864521,0.27425671954808933,84.53002753971664,153.7448384095885,0
68.61952924718466,6.027169495889586,93.82136716301206,15014.483708163663,0
66.81326909423196,2.1031360607579783,99.10521924396274,14475.059644565614,0
68.30413627502709,6.8263949451498,94.2731209963169,19450.81485778793,1
56.172618297013734,1.9729012655625136,95.31891207560469,422.0416480962186,0
69.12072590580102,1.5907004749776086,120.46985137584494,2740.4146878129777,0
72.96033077042617,4.19405442385779,97.98677566746879,14242.820975285575,0
88.50463233843755,6.797063316562057,102.22496006613385,6601.472746851111,1
70.85999065005215,6.0793771139875075,101.94029028002977,1275.4626302088302,1
46.65822957789695,0.42259173703865294,104.71567598898467,6019.16272367353,0
69.06014567215378,5.052696312704836,96.18173787303918,1754.3385098860508,0
97.39504133108306,1.528947945990958,109.97584998430946,16752.115112222793,0
78.6636623498504,1.8190312456867233,103.54849754885389,17538.66310809199,0
61.89111056191411,1.5035341229209018,89.70268501020267,12737.79843974149,0
75.91106514430557,1.2283263225793146,99.13996800616297,7711.9451207474385,0
62.579865751102595,1.693515989723198,98.62281343462567,15375.784914725251,0
56.46192480453142,0.8768245323091776,98.25467635735502,12631.805266782787,0
66.51630636765928,5.0730762435152155,104.07437441778467,15839.639583883718,0
70.91526439238861,3.337422462616934,105.07780151343377,10218.147093397121,0
51.27844497566604,2.403737060635049,104.13322466251189,19166.898089813672,0
58.508407094613645,1.5030291358400423,102.7113228646205,5800.673889769907,0
70.10335563182355,1.2969645480590235,100.6851016612494,12083.698549004535,0
65.91826824011046,2.7956569409359195,82.79034396710153,16161.052006215114,0
73.94811271146091,2.462667187219861,106.22314103150538,17877.456377660397,0
57.853316726914386,4.396943644327335,103.90683276085181,18934.965797807152,0
77.14113748553301,1.3149204307326632,92.12190978663007,7900.219452912649,0
58.16240902939805,1.213748095505623,102.24465822717313,13986.854583415346,0
86.4273430193763,3.24064753703625,105.18350784864178,5803.942439608069,0
52.84241715621683,3.7321022985176726,109.36997652180048,12987.58615228944,0
59.074457296165875,8.841546784543867,104.0824115453911,3684.5261027806187,1
74.1737080303183,0.40044961909048593,102.57281445453094,8429.023695645552,0
86.64233251497637,5.2628559731119635,107.57417854000595,18404.741513638328,1
73.15043036116171,2.2566690652323658,97.54767983844707,16218.126342997211,0
75.62857920182391,1.3774581720898909,103.29602575676041,9930.122977279403,0
70.17536901673058,2.822297520953437,95.03109444636942,2936.90652097605,0
59.736015458848065,2.752433155809475,108.88237366097043,7971.432007282621,0
65.0986165176062,1.410121381360763,87.12231108594662,2773.5795717780175,0
57.88090280018723,0.433895488312102,106.5338973932026,1370.5527630462088,0
57.212900322231285,5.275166058524263,100.14167169478405,18130.227668904005,0
74.01748919319746,1.126372089519865,107.72309864581034,9828.629440780258,0
58.768220179120384,0.9841105201370978,93.75564503686962,1787.7742570406774,0
73.19554006723361,1.2195112060300215,100.71986863053037,14333.371827896377,0
56.98177247778902,3.605677332023248,100.48504071785023,1483.6300223794608,0
72.96383020116755,1.5508585834616746,103.47106848040364,7923.308342873234,0
65.11317431037037,1.239450050235823,91.61950439481616,4605.81085625073,0
84.06615533650644,2.6893659033355193,105.08972070467483,3292.6056639643252,0
73.23718895579066,2.4201214820805306,85.23284697542114,10670.98416010012,0
82.35782892994142,1.2621048236289922,94.65726354306109,14393.792265201524,0
62.44353283574807,0.4252629185070798,87.4981599428864,9743.794695555765,0
70.56143340244168,3.5497789728074385,106.625755197485,16416.049097848332,0
60.189128418837214,2.4533943385600296,103.20104622007229,18347.73851077242,0
65.86394757255582,0.2906605751752638,103.6483091751899,16143.622090667666,0
67.3789577725537,5.787886146120798,111.78551516998847,19129.833102870278,1
62.741417793128605,0.27645708588819184,97.47246664670558,18580.719429717552,0
57.84497141154305,1.0508626612885672,104.87668545130128,16650.336776024455,0
55.864826763473474,1.1101016197474494,100.5281787774118,5852.652012063453,0
46.60251884292603,1.2774759442073644,99.31012356265113,3486.641294673769,0
59.43653536496542,1.2436113319524833,110.45300665663117,14540.227390796928,1
76.27493896671845,0.6756452119599123,116.65503490721633,16910.580685451576,0
54.01501467986717,2.284026047504606,96.54826669709269,16462.470372709944,0
56.31877153746695,3.966273397423168,106.66975673215906,12872.448814161404,0
87.90898571232916,2.261213778034572,102.55293530117449,16597.363295035535,0
63.63503950151746,2.5528254043054344,102.64889937960353,14143.323888305804,0
73.21046009164836,1.5791688569712155,101.97742183226791,13307.317226058341,1
76.42317146500494,2.196542129166604,97.33537606831074,931.5299531512378,0
76.6252612978128,2.6927300434178485,71.32015551262639,9209.49055883928,0
54.7768576939194,3.3387069648189045,112.2784745967879,676.922271790561,0
67.68940320100509,1.1619643242989537,94.4421392986208,1847.4009589952,0
53.817727304816074,1.0384391235561787,98.06754284039513,10820.093062662085,0
94.46317858910324,0.18290593169726435,98.2376567998553,949.5806778845317,0
54.051247359844,6.9219408119841495,93.72957285397298,18264.407654313498,0
59.5215978113018,6.63551643949165,101.92192113596498,9006.819143329561,0
59.593991451584955,1.9239013074939446,99.64550051662331,13999.33299429098,0
55.0333952327712,2.0072417448626174,94.26771216936369,2955.903649260856,0
83.52593909756546,5.513677660246787,101.19441613321084,16951.905002099236,1
94.22447901083495,0.6960894674794619,99.73562645633308,9561.33832665453,0
65.24250880687383,0.9485993582536991,107.42270857030482,11175.51839225726,0
56.7957685315559,5.742420196891358,89.27693769854613,12969.683597284069,0
47.63074501273979,1.566254464262745,93.55688543286574,10797.965057537633,0
67.55891281477898,0.8347821794876875,105.80238088669924,11263.742445096905,0
66.83634576838556,2.806375026409327,94.88205645241422,14890.466579119226,0
63.48703873639855,1.1677477187238117,92.77278189963933,16129.427415943823,0
72.21375253976228,5.09552276749821,95.27767247193111,6123.321268370752,0
73.95173142815486,2.1831588287146166,99.19217026648494,18440.985900982163,0
73.23083257937901,1.2072237079153412,99.22256851146366,7077.933581915066,0
66.83875128031512,1.2629630754832297,98.32033251118133,5446.512123956822,0
58.98378170425738,2.710911362835399,91.7714788124108,6228.608442527157,0
76.65833097806716,1.7204342907819057,106.18527141802825,7170.303147756578,0
70.1251375942153,1.5472689412239191,110.60975809806142,6338.612116191973,0
78.8835752483465,3.4284111957828403,84.71657050890616,16875.00353769591,1
77.90075549472232,5.564526156411555,87.5716750606118,11223.053610359644,0
55.78237930952884,3.1016985833769453,108.0228557981999,19352.907638747085,0
55.65777792542397,1.0913977163795279,112.55837072500591,1679.1115075145324,0
62.44459281259471,0.7891792725840161,82.96656822636211,12279.603480994325,0
59.437345917093324,3.290526224102938,106.52349201023067,1920.4859466601708,0
77.552517759761,3.0973709459782355,113.10303909159023,9177.001693610564,0
73.51309675987918,1.4601733849554521,93.10070187333751,7654.700450667753,0
80.99183993785311,1.7466528374630947,112.63734261514568,13615.498302239346,0
73.96486817410918,1.1452439175661666,98.57604575295996,14908.896265623918,0
72.0864958187337,0.8063605555692075,102.51709672458496,4761.873041313957,0
81.99729780344171,1.2263982062676206,94.24613348362328,3874.296329438074,0
74.69727339735049,0.12602181400432683,108.00822820817112,8390.208650544957,0
70.68100963437719,4.4681244295342175,106.67561694092373,4839.746010057482,0
84.80453033930685,0.5881663678197375,113.79767484583859,13532.480142424281,1
71.1518088315279,1.9551459561098736,111.5248589528818,10353.952995257563,0
66.95659395082079,0.22470311633438017,99.92679964626211,16539.54035862796,0
61.621767412223505,3.024697079405458,124.86702892145517,19625.440845573485,1
77.0302545904541,3.6854099735829697,110.8063411877896,7562.15729040951,0
82.37050541842468,2.091048988458778,104.32412828036526,18239.934349516257,1
69.4941259856657,1.8678984313225788,92.02276481877111,15543.44474308672,0
83.07915623779839,1.1413971347941585,87.75973816617892,2982.4682301078396,0
50.29984968028424,4.3938272489839925,88.43977714338672,16718.5661438401,0
69.44546625192085,0.46921773893832486,92.53067610460363,9630.146246054719,0
69.59905087895564,1.383989922991922,111.01842124712182,14183.217424003851,0
62.73005627592653,1.0301416575168538,103.89671130670018,14052.23208639398,0
93.83861037981873,0.9991910308864015,95.09301453305234,17719.312079754432,0
69.33807367311239,4.315534425469417,98.91304791282634,15223.294068997813,0
65.92269228395567,1.7801055154668448,97.93802877657691,16492.474762357837,0
70.25962113433505,1.1338051917425187,106.40040536418931,6418.23878274413,0
49.9718626147417,2.5119804486271,92.96961790051336,19462.750519239933,1
62.40132074655085,2.362451180691079,102.79749108892995,13231.843240535676,0
79.83239969445404,3.6395789666345992,102.4006862075736,15473.832889573323,0
63.710546450672254,2.713408243909235,93.2090559187767,17177.625710254164,0
61.711248371997286,1.8440587319808772,112.70404823368278,2475.664388217982,0
83.095256365144,1.9434325413801652,97.63543034781497,6728.217489788015,0
83.4025440095183,2.6279452740628906,92.05799900355011,16718.71942973158,0
75.16990472161142,0.8966711726191007,106.82303983616154,18439.639822645207,0
65.44882665961333,2.326380949063149,100.43596461723713,15121.86844105745,0
67.60528934883676,5.480272436081165,103.26742650127244,9646.178631013165,0
61.958500384250414,2.092355604373171,90.52256159846768,5022.445272123406,0
60.05226880971355,1.4916331545833674,106.49933001313578,10500.549798536204,0
59.555835116915674,1.4762870432742223,117.37942691619644,7946.004495031751,0
63.819455932147925,2.550396928016263,89.8973301617243,17712.615925846454,0
59.65279009315255,2.2330969171444246,102.83367044791623,11345.300182825418,0
54.36294881456851,3.125806652066438,93.7175224371999,7841.327037116821,0
72.19402669753906,1.1963259032505427,121.5168484767797,9969.598410111224,0
72.34595580893438,1.7020243534417487,109.917059825202,18671.350874465643,1
87.00792758428317,3.4958975123519958,102.25685874423976,12265.169570627602,1
63.31661631645297,3.6888320447694936,90.17706019304464,4579.588002312657,0
72.9610058962327,3.70907180857618,92.11155140178994,10001.551580793444,0
73.12712579274802,3.243879018565903,105.97019604545432,9313.164739884967,0
67.46162438874467,3.321103289620738,89.10006241826008,6208.0855021315665,0
77.44333588749676,2.323309235338363,89.35108924206345,14725.990235411859,1
77.75229186850714,0.5664633010103817,100.07065012134302,5365.738989015856,0
73.2741109519754,0.6221087860749953,101.0673333563486,9850.979899244117,0
67.44360294952205,2.0622319508275115,103.04025125755435,8820.93405870135,0
66.42469891445465,2.1306376034517447,96.4837976174631,9337.253344915647,0
56.32246101202941,0.9794649390790573,107.36117236904869,11335.511149475467,0
61.94082221382308,1.034386172968802,93.10548229618858,13665.945321151958,0
63.77992476098312,1.835145207822552,105.01315482845153,2859.996853715139,0
58.76028237570566,7.598795276412073,101.712965429345,5766.502034076604,0
74.39923966687664,0.8298012449303835,104.80519268502826,15456.735344591274,0
81.9662786898701,1.4307490067268582,109.4559844154043,18154.907047732388,1
60.9193756767085,3.6355167235536143,96.35734123916095,893.1397207504532,0
72.83441435744638,3.19266035835815,94.71137974544457,1467.3115020210648,0
59.658888604702895,2.456040961767014,86.49284995078733,18676.59361726566,0
66.95077829060838,0.34130450529636897,83.84798323261731,2958.8178917287155,0
63.09670420822224,1.6291108770155425,98.59220673544418,19585.782610742164,0
76.01895648606441,6.278686375463471,99.1398169530431,16564.442635878655,1
63.21211826157822,1.0047607921281514,91.31133500844939,2414.0885289531157,0
80.11660413706647,0.9714226447803614,93.03120240105247,2050.5010644612876,0
67.542792263378,5.318257287929302,112.18763085836743,19545.93859729748,0
63.50396290405169,1.8321928028265484,107.00671824242251,5096.455993645368,0
57.46694737654837,0.37132039918475906,89.90714500222701,10773.344033112366,0
72.5320451029535,0.736552788048276,96.46121559104876,4724.714063399942,0
78.9521840222618,1.2221340782628676,103.24802153325123,12013.490262614278,0
72.73321256536875,2.37021988226818,94.98839180511567,16800.570878220402,0
92.38831666414424,1.67841816660228,93.53043747675655,13138.183727955544,0
84.29787452470418,0.9335827941746464,97.29403372973975,932.3331788928213,0
66.92472235282985,1.697263239764246,108.72528708265979,11903.786872674997,0
66.81972566192931,1.0041393653251887,109.45121042014992,13220.332691999329,0
74.69696719485353,6.523051312870723,94.11642545766183,4017.9600256229373,0
61.61980819574315,0.6993637066213266,103.6844087570745,15242.35801481588,0
81.66288306532486,1.3543597490150183,99.94870597697799,12537.867392584565,0
73.61600521843583,1.2007960081176554,91.93411606011159,190.94354068108555,0
72.56458910858532,1.2172999227530936,97.62340389399965,19011.101460400067,0
76.86953667770817,0.7751027379729731,89.88612649601889,8911.591807187562,0
87.22829883369059,5.047324939734939,109.30444189722476,4647.579160322774,0
71.70955352187505,7.986233423757946,112.41977634124243,1723.954838336903,1
68.86959629128616,2.586506183015659,96.71541534740727,7488.578792026432,0
85.08719623322578,2.4252221553275026,94.8073654996455,6155.38222103144,1
79.67550415991136,0.45197055158690314,108.4367555011886,5959.062829895616,0
66.79020159616277,4.9643515208726114,109.72919152784014,15864.022826501705,1
70.0518644865902,1.0034061983039044,91.08470878485988,12918.423110027437,0
71.95380915938799,0.39904590388351335,98.8156426499788,2661.060218620075,0
73.61812944604983,2.9319688456771327,99.52849289703013,14161.482073903124,0
56.434001490608864,4.096214867896128,93.83378981076065,14469.640108265086,0
54.575153921984395,4.930889490035087,103.08785355269958,10285.372605217124,0
61.12609977997546,1.3685758473804877,94.40043731932839,19915.340307078968,0
60.35261556988658,1.2412591894188354,95.677914037149,5669.585462562086,0
63.561759860274975,2.2835744874083375,99.18925816131967,1169.1127656076806,0
76.34710642090005,1.6787769078169945,88.08750174219713,576.1242029851244,0
68.31070843675262,2.973811384278821,83.54837384018685,6410.961158237618,0
71.96394605010188,2.301620408522957,107.34617893310661,9958.359441673047,0
57.75696589957738,0.9331420900910818,94.07741528710523,1564.6211818376376,0
65.38357797079055,5.039932319086048,117.07891266420032,11315.972183517484,0
75.8725766174484,2.9866556352597433,115.77470340066928,18017.411304925958,0
75.94952458176802,4.030495960673014,95.94817102624755,15937.2562947799,0
62.75426171812092,0.9476007922814138,118.71242396466101,13449.371278509825,0
71.61662386379554,2.925508271276047,107.50059623510062,13234.633890880863,1
91.98847853482332,3.514604726206168,94.83748957645538,14606.011316656424,0
69.82402070744362,2.235261070733704,79.34528208150181,9884.127685638767,0
63.068130538575545,0.7671583560459571,105.5052411008026,8035.9963617567055,0
68.2623761063784,2.0817931854854694,100.25036699904916,6133.110062285352,0
70.92177107526832,3.2846899525957842,103.4508926859496,1992.3672959537719,0
68.4883161930945,4.220942819570068,98.1693105879644,11243.25090035815,0
69.68645299323498,0.4933481903159006,90.84914455520908,9450.361683584992,1
55.5655320306316,2.202244570688069,96.58378668463061,2378.05790677009,0
60.37369524914049,0.6110568435497289,105.65309828756031,5365.394971173936,0
68.50664762928503,3.3149788836520453,97.16499706100632,15744.058203609304,0
68.34732029977563,3.9359905902758507,97.11665714125914,5112.080978794657,0
64.33810725139999,0.8726500696997248,87.84490329553883,8514.382860919683,0
68.22986413923563,0.7326610352380656,100.7296038542262,3226.1531171516335,0
70.61014855414206,1.1924971305572731,91.10454446809976,3396.9322399079706,0
78.89413456524525,1.7276105509349435,107.3482095975849,15126.914372853282,1
69.00788264773949,1.0638970502063916,94.12719279815855,1333.4840229041856,0
73.99103205298253,3.523703065686116,97.63436727603394,5700.52287858378,0
64.58399698566079,4.235880513015286,117.31186852595498,19616.889799834084,0
75.72095723598483,2.1342825498253757,97.5474062183953,9517.858277775304,0
73.75730297612357,1.094300741090627,96.4754014709354,12124.266854696105,0
78.65817003179819,1.6793285089176393,104.68497588719144,12815.792015330138,0
77.13460462444488,2.133864936007293,85.71790558219477,3922.773586116828,0
75.88735622881146,1.622710286479514,110.0064745742282,7386.841879363477,0
69.01582591342219,1.8450442362739727,107.95152034764476,8014.13275524687,0
72.44939227044468,4.0080855059288245,104.1956139589978,4613.66401797139,0
80.63508928451526,1.035394979213392,72.98322005218952,4679.676238790636,1
63.479254305972056,6.880920971609113,97.92470641219379,12157.38613003851,0
63.71592221303135,2.1816269832297324,89.81707019195734,2169.511820232275,0
71.81431397950362,1.5554296453478984,108.99285427167632,2582.908929984944,0
74.15279690265453,1.0138216584724637,108.42048869804809,11466.040977103186,0
61.75893500735995,1.0899151803179195,103.10407911864618,8986.761342544589,0
69.25237436586691,1.9858953590421367,90.3751104228799,12238.669316523969,0
69.06001225771215,2.1703168226895895,111.95435368419945,539.1902875620258,0
47.847198843965295,1.512213535880538,97.9019108878441,14098.314545529354,0
67.8040601074124,0.6063636364439958,114.44296853520453,16997.792836740413,0
68.42682167151534,1.9861631279156668,102.1230965349012,10482.805974628263,0
68.3970705717698,1.1070360784295656,104.05446415133318,16816.806391852264,0
84.15914274577268,0.36973753388550856,96.31756492349976,7993.253054593215,0
57.84201701491125,3.0555505262063147,111.25564462225447,1578.485176321367,0
61.753774287953874,0.43241571212322727,104.86747107434887,7550.883410382754,0
43.87804201680666,1.4610954063447978,111.54313354011697,8927.367766432239,0
65.1908333382586,1.8068915987650467,101.42032958837632,17310.75404019703,0
66.04356445874,4.626710365414763,99.62369072595361,6694.330263303687,0
64.90022823665744,0.3911344704813795,104.76104130319048,6302.016506578328,0
81.0767733948376,3.288972958241214,111.54032407272966,17760.348689687627,0
78.60617522336963,3.6518633272472703,108.13387445791338,5019.320065329432,0
70.77856724267303,5.579630874772091,101.10579045723418,12848.930712019352,1
66.29386946460137,4.135143024654559,85.1422519389768,6532.674258424789,0
80.26189668106863,1.852781883146279,106.48308831497059,19029.11779369192,0
69.80242140164148,3.3912473086556294,88.49036162036806,3792.4985222680043,0
61.817299610815425,4.778290150239123,100.28004604921871,14478.765677493617,0
52.83751322515448,0.29006116706664326,99.0738705010354,11001.282185318265,0
65.58685506104317,0.601195223148458,88.6578521354751,19574.156394821417,0
77.54643617172609,2.336620614740006,102.98002471899066,19881.128755986792,0
92.7653868954309,3.6232741032011124,117.23454192165822,15873.962008478584,0
70.61610346189475,2.9785669103403913,97.49915575056065,2069.1213122666395,0
62.346444848796956,2.4913488962888715,106.12703729930504,9380.138886534201,0
58.15034791715786,5.527398406105898,118.84551870993687,17090.259462130573,1
75.51954896305598,1.5098744830211641,106.90090575207098,12769.665821825378,0
52.35383947615732,1.0686867208866164,94.84125353873817,17579.387869682418,0
75.50345101404888,1.287596154722465,101.89611836898199,15987.324199909588,0
78.17711606262912,2.372509334135704,103.84624146487452,6259.209612705558,0
74.36279453232864,1.800111355853899,111.47050506619169,3901.30758743235,1
67.80338328061443,3.7642816081520105,109.71240272510468,6451.277986920085,0
75.64940653546815,1.1199976485025638,77.84093105212347,13918.899821071573,0
71.709383711283,2.59889937994976,93.15036358243059,9621.29952284476,0
62.218761581394084,3.399491186595864,99.43978621909119,876.9640868437945,0
88.50412322375026,4.776170419112318,91.87770349969844,14849.539637723652,0
66.48320620389484,0.7090032212012841,70.39926752727487,893.9373291372643,0
77.75752300449909,1.2672566931286884,94.19505209799458,8186.085232957889,0
45.813857173042855,1.7003508080708587,99.9711151400987,9245.687482430367,0
82.76470882780929,0.5242974284558416,95.79772253750849,10060.537030896172,0
84.68763744654582,2.477016225654505,92.02445395938928,2781.817764808232,0
70.29833787126638,2.4494174305392176,100.33171699827864,14955.80362616887,0
75.58771034737758,2.2987954434994777,102.74470540201705,16987.444606429137,0
75.58515181607562,1.6209807730179218,96.25122308827622,13958.01103578615,0
63.57216430359276,4.427260907795119,110.97395057978937,19021.413082822088,0
75.4712230543934,1.2938277522157364,100.4617153270358,5150.012787590519,0
61.913695301274444,4.154476484190704,93.02789064292095,3214.6018777355657,0
63.91243076354674,1.2702678359487334,91.00370142120133,1345.905221545507,0
81.26943143212299,0.691043321592599,98.2962415739307,14430.394718281103,0
79.74657690700202,1.8647620877879507,108.90736522829964,3242.145410606876,0
62.936244978842076,2.1369283380205615,93.41049032685493,18763.62849482974,0
62.664236564989594,2.6289154655886144,104.7670358719736,11967.009530538799,0
63.544033975423275,0.1952388714050148,100.75645528011451,16082.71332594487,0
77.32639566465491,1.4869845180696968,115.94586375603741,8693.968261070175,0
60.00015219189603,6.556807290176054,103.12201170928455,14696.91727743904,0
73.56712639035952,1.194281263479572,94.41419008459313,8873.022627790198,0
77.46846810634294,3.658294723968218,105.8909562301175,10775.276156280495,1
69.117545497069,10.975052770381089,106.16017592716776,15471.634660381234,1
80.10063696864927,7.3555840890737585,96.82391190163348,4763.071110849635,1
66.95689830510207,0.7925217741654929,90.68803436535993,17690.190262233802,0
67.86144399006085,3.448830269131332,104.28828152981256,14325.976579392262,0
60.22753768868144,3.599341322226135,100.50812141412001,14930.802691919214,0
80.17177347620205,3.073392295735999,87.86759926609957,4763.260134049987,0
62.334795530211295,0.6761449862263403,102.0361679919249,1802.5476669096552,0
73.49771817715059,2.2853456031099926,94.90405681583034,1457.1290251140656,0
69.28683932874065,2.2738013263656938,87.87518366510015,12940.331196633439,0
59.47216936888337,0.5887235009934124,97.18306925289359,3000.0476486539096,0
63.90896856176679,1.554744939392067,110.2633498736549,19983.82900789108,0
83.82872239040734,2.3607538755747486,109.66449200070446,19220.95322081164,0
72.0165754263448,1.822977194817423,107.57401681605894,583.5351390138377,0
59.90849658633158,3.2328681142562092,102.15386312073699,14501.151768785423,0
73.05328287348692,1.523840246946041,104.7663776268408,5215.441074314662,0
68.53885968405454,2.1148628199950212,100.78915665182402,6817.995698210615,0
104.54046402244182,3.8209283334763193,91.15959339028424,4806.208740804292,0
72.85123841342272,6.048901608681606,92.75598480918052,16610.91246217757,0
66.19375152933635,0.662197703142991,95.14255259553836,17875.04651509141,0
84.20027917787104,3.1474044207286815,111.21087261309063,808.0311351048053,0
51.58963832707154,1.3338540936000338,108.61352584896356,5400.762263541034,0
70.94320156381097,2.653147744046379,91.3609794933854,8973.969246361701,1
89.94428494681073,0.6149922011630186,100.42712892332959,10436.440631680174,0
68.83800715640245,4.491188658056838,96.77914285797817,1752.9375628693322,0
52.666989553519215,1.007175272267324,98.75919568559453,16600.563859515572,0
66.04082035589403,3.868681508462689,95.71165744838218,18679.597991101426,0
84.54518040959037,0.6970338373694999,111.24553298245021,8057.301659331999,0
73.76069596320771,0.4963544845121563,99.84874770501092,17144.681595320264,0
61.611438904874824,1.6523275202575325,101.72925443681018,13527.097801271295,0
63.14757192820976,2.301713132882871,101.79406564906658,11834.872221611127,0
64.40299728850187,7.794872730114661,91.77783860031184,16381.002998795204,1
73.61197884053996,2.2607380591568567,100.86842958272422,9460.592341850548,0
83.38196132938653,0.7906068661995528,108.49853457429474,10954.321319618773,0
80.52423012799171,3.444852677457566,111.78152788384564,5493.3171921882295,0
74.56012182109129,5.002851666906015,90.81748025824446,14243.69519442204,1
56.68355239942517,0.9583925298202027,87.85119010089016,3181.2440349615476,0
56.720674860065586,3.7717384490756354,100.49707664033218,4863.231294609196,0
75.33252021213764,4.583384087763592,108.87350060588027,9598.419084269288,1
56.545289020671056,3.5030911054156877,102.8767716342695,7706.249716760684,0
67.74432978931395,1.1432613302479464,105.44236860863845,4791.566743212681,0
73.04150446186176,2.3198642761416406,89.11800783274782,3837.770930532762,0
58.62406004637311,2.650719459440786,95.42410012584004,17217.9435361723,0
59.75737665641137,4.402121930070017,82.43110155365679,11817.17794778666,1
69.05878935432182,1.2093482939076103,98.86009560603233,7547.853180240995,0
75.03650287524054,3.836963279731794,82.68624447325382,16915.60901899196,1
80.61518770413757,1.7735788497297558,110.66129361472382,16503.209734230655,0
76.07053434770552,1.4870969237045921,112.43857174327148,2217.7411380765434,0
70.73656594992194,2.0574353654398356,101.12514793649413,11345.712528264603,0
62.538052464429505,0.15191401216616732,87.89941513857656,6112.2583346482525,0
59.29093004155481,0.2302467318334404,103.00570123130541,10816.697493819027,0
64.89122911670853,0.31946251249070906,114.87306046768754,14359.976342874472,0
74.09935584980568,2.735886223885359,103.80588399749541,170.15179929733782,0
73.36623706627343,1.6258020723647546,109.47987192392736,10271.350211513894,0
49.00098014274877,1.146306256612081,96.11867750643025,5834.646801194909,0
62.14322971732497,1.920387123794965,93.03031961733294,10680.218003162929,0
82.04507551606156,3.898620778800219,99.4331039266988,2196.842881566783,0
70.79215047804139,1.8524456003310519,84.58635716047417,16351.328364704934,0
55.82991086897014,0.7706942280224544,118.11270849051155,10873.369040020607,0
93.55821181598151,8.621726431820441,101.11720037184395,4221.269008733295,1
69.71058267685235,1.9956563403737788,106.93418363493606,15393.694579000474,0
73.84333959313408,4.610867110927033,96.30793177283034,755.6485663898238,0
73.99524756045135,3.5259290839765294,87.6553090411337,11856.467792309042,1
66.32404533839814,1.4083271814699028,111.40651864544701,10035.23253231331,0
62.72426318178606,5.990509445162685,91.00719774978694,792.9003052014183,0
91.2167498506594,1.227410096876718,102.79071010855394,4994.10946457272,0
80.0320586961775,2.701355172536912,103.54467849055563,1542.8088176178,0
78.21937201108676,2.4460466210752454,100.59161042943107,14647.738650085317,0
75.7628919171821,2.61756865076746,93.72332611054242,14115.419399079185,1
59.96682609638316,5.327960753708443,98.80294210379016,1785.959360965801,0
82.77530191740274,2.035684291569703,92.39959339166096,2184.1436931730796,0
61.56867341988251,2.3367633993010646,106.4734215404715,17605.644271145055,1
72.83286798150645,2.4234625264872536,104.57237541998572,4016.9488600593327,0
53.606100945354314,7.578891701811373,99.82878053521682,6073.221424353452,0
49.5914114935248,4.375726772019812,95.45318822643975,13685.603287874676,0
73.18291202653114,0.4715023854803192,116.85854319825613,1214.4644517827442,0
61.90900732805092,1.266896473896592,89.58348811077332,18953.13023516565,0
50.10832428702727,2.1448021894496225,87.64309522511326,460.1801419025997,0
75.40609502947075,5.254003098469416,99.34395215497581,16982.85022531535,0
91.20080771050789,5.600691727316692,97.93562138743275,7218.121131159088,0
83.89560258580062,1.9451517387844703,108.78065963803506,3000.7984465466775,0
67.42682114734328,1.2321408220682002,105.16893163957337,7549.821581408318,0
70.08845306696946,1.7399994012843591,100.23620469585632,19456.83098971073,0
78.87706256783913,2.204022461533551,104.00270226255579,10579.555705562778,0
81.22128019834906,1.6472811673838672,103.85732598599726,1185.6037311093326,0
66.56464281174301,4.690077591175925,116.8284537614556,18830.837311412586,1
70.34177715724574,1.52260240539589,102.02690712396348,2871.231092650226,0
73.00614806764537,0.9698721996889242,94.55138293856405,1093.7522080041128,0
75.53876320278832,1.7108366096115766,101.58800879862568,908.5181629515126,0
68.66923557988733,2.5386394484809496,79.05056469383807,16526.697954540417,0
68.79914754931255,4.749465292181764,99.7388196686371,3060.3841878254443,0
83.79832329754387,0.9035471739663903,108.7438597688479,3579.6578943735735,0
82.09520702442886,2.5504493713033947,104.81747295096338,18882.307010667566,0
74.77410573436089,2.6076043886557114,102.3884483491654,12232.222907885574,0
87.19109070022928,2.9688518470012952,105.19391324456396,5708.383224702882,0
66.13554237773583,1.5214817426065619,108.82605235902173,11729.094895352528,0
86.22973448629381,2.9329202651767017,111.4018672583855,4861.850370187344,0
75.42515443535551,3.4634785636178163,103.57964720231567,9885.303558060345,0
102.7102612221459,1.5083023995748601,97.47110852389847,6692.449081666252,1
58.07518073217523,2.334419282583769,81.49182407552179,12452.530741801662,0
63.10654747782658,1.7935789755632585,107.82538741606183,15176.173413372651,0
74.18797828200547,1.0860192155714268,104.12162010883122,6970.150373009369,0
73.97234052978992,0.6303117908118366,101.2212759001264,2878.260552764098,0
89.50138984175018,1.226905656251308,94.4955880384461,7114.812103348405,0
63.31625316700466,1.3012990088215777,107.72121602672445,15163.097675971618,0
79.04918518693884,0.6207294526952924,97.94210859337494,15741.634413143884,0
81.62463004681996,2.796170253842537,99.72462311163213,15711.019145722465,1
77.04647832220647,3.6364975572054057,99.55209128665405,19491.44825535322,0
60.3900365807568,1.7562208840563704,103.59881374532398,16495.656307717858,0
84.07758805254198,1.9626569746539198,90.81094391175897,19371.460611804618,0
82.29324931315413,1.3732152715813806,104.50041489525877,12535.847682986583,0
75.99584519790378,1.8787380449964246,94.23289314553578,4586.967371189628,0
72.04347687208954,2.948516580056283,94.51357034480675,12163.925884894117,0
72.2610801004437,2.5540267603373588,107.081920380462,3956.6811132792946,0
69.21264207760622,1.8702740475007962,92.03977231123544,1706.525068357041,0
76.40785134252641,1.300739192040814,107.06753920808373,6026.490143138839,0
70.31134852944977,3.4278357067326604,100.81093379767124,7255.511117723432,0
61.51475024647359,1.4118874362339096,86.81378600903942,14177.758732729986,0
59.51408355172408,0.6693727180864759,110.915806813172,7261.53422521693,0
62.479637463477076,2.232794337555057,102.48202981810796,62.96802391997369,0
72.22132242549452,0.38538993988506637,103.15300692711897,18338.826013377788,0
69.73044163564792,2.4789105151043316,108.05793848467808,11788.083817969282,0
72.1534379328875,2.612806615758902,111.99376595649039,4215.1615080344,0
75.00813133546112,1.2160289107469442,101.60821516972902,5045.752510560737,0
63.72679074083121,1.3636097271907253,104.93829857996855,2482.804731949242,0
84.65660168345347,3.771370499920585,102.9694874449394,18130.934964418553,0
67.32289172952525,7.1038972215314145,97.25705834638656,4604.171760907414,1
65.6657301521849,2.0459799863322536,87.33250957683885,18812.942710647832,0
74.82386237332453,1.2367916242444352,101.71937647283367,5286.227164850383,0
51.63489797624927,2.6297977204694027,111.03150264515645,15985.023929023708,0
62.094655502770806,1.8144968111600188,104.66666370686126,209.04304833248455,0
79.81072798691832,2.504360897883909,91.46061447218847,9665.47190434426,1
52.625780709378894,2.2379377310911095,108.78017204515925,7384.290660098512,0
81.17574196933155,2.279609140718173,97.52424118514928,6691.715178677598,0
85.11136566359134,0.2607997160138118,83.26379302003997,19843.125873805566,0
66.30544662176251,1.3602250287914532,108.14323052146017,14417.334227412115,0
72.9181276742631,1.2568158793973916,92.4369550072551,5115.558382000163,0
81.19087084851026,1.2422260654058832,114.24582698494328,15048.835096815405,1
65.33210811956481,3.1071529462722682,109.18218720477935,2591.3754448509917,0
78.67775520526182,0.7283881010474771,98.17760581069471,18518.56908280936,0
63.288512048693285,0.2623942295751766,103.6748787660357,8527.724493381871,0
65.22397706666821,1.2195197752037434,119.39134852524083,3813.258239163475,0
62.006635356750266,1.0199310373329036,108.00005630269588,5456.409683011172,0
73.42647199194803,2.056428711395359,101.90560019827672,3102.9767980188817,0
81.5796905256555,1.0135903876647059,123.11323195365016,18611.159892918036,1
68.15887067882835,1.6164246143164742,100.94064808765191,6117.872250627794,0
57.287508400875964,1.4399037008201214,104.65451855103069,2857.0177434687125,0
59.17293177713184,4.5880770201509185,92.51029448752593,16258.015497246564,0
73.9459942137054,1.0362747016259368,86.60224907524088,4265.18243353806,0
88.44116413394269,2.9781392112600487,97.69758166441316,1883.0070008188081,0
73.93724999314398,1.8610112609792728,100.30726467494814,13367.898232987545,0
66.13103449348748,3.8280324787679048,102.63410867527887,148.11369928615647,0
77.66183966850284,5.538336699177926,88.64183162580602,16648.41187350434,1
67.60501364413254,1.8388987930249223,105.28539457694357,11254.191300229193,0
66.21714782635793,0.3983008563021369,93.35691580765058,4936.368431594895,0
60.41540894304737,0.7332249899354552,104.86987487515532,9471.875144486881,0
84.08448844246357,0.5795885590105151,107.4794118627492,5248.29900214308,0
44.607920825043365,1.3662236048775647,96.83592727957897,10657.142429486388,0
77.9785920027927,1.197955656713068,92.2894485418592,11432.88242408303,0
65.36255062202463,2.3187650358924388,112.34919453906902,15433.643198609421,0
65.89659268548387,3.6274519858476477,106.98329675439356,9321.748401512346,0
86.92315156117812,0.3550439814689866,101.21581067077926,15732.756238827815,0
62.858689077999486,1.9692438659413276,111.74742210943883,1384.8733675450965,0
63.1993084597159,1.0611668821711302,100.66609379180412,18426.858636179386,0
68.6960576108047,2.0211733945195585,95.03594231844279,3710.17445985383,0
74.13847385812238,1.3707932256943236,91.98638348501792,16731.546792128545,0
65.58144217707131,3.215904750732479,99.13760691717086,9892.635674497555,0
54.26141069464114,0.7814390732640165,106.17376382385274,2094.348123890306,0
61.343018191182345,1.1191867810345875,111.11807372086254,7196.048151777892,0
82.81333856464519,1.7423668118348028,100.1880817282758,18366.612290188004,0
70.74776789135511,1.4873431864602271,109.70499942348542,16694.279107995306,0
74.51087283703822,1.7341308042308328,98.28584454798376,14446.315617060487,0
67.38578792826962,0.4524212417321367,93.74721585075316,7596.917619735322,0
63.4050230382673,4.990386350628705,89.5494941295969,11775.8162701211,0
86.7756944987541,1.2874599423028474,95.95008030126507,4642.439418738951,0
68.1180814294892,0.8299045687114196,89.85074058040276,12956.870265945718,0
65.56630120472873,1.7736658143432116,116.0760930495216,5218.80651186468,0
80.96142366355339,1.9819745441241934,103.51437141047477,16580.13639053722,0
62.77639641132615,6.467388814596384,99.2350812066855,14089.964495956116,0
64.05272656226003,4.030932243518751,113.77601409876459,7721.792350206094,0
70.10246684016899,1.4632574894195607,89.58186104822796,13189.638635384457,0
70.0027010408818,5.726074088765397,98.90285731283404,6502.723073733494,1
72.59611347903214,4.998023105053391,115.99739033681489,3113.058987185722,0
90.91669089395488,0.8369997973538175,98.84767594620266,4703.67897105951,0
73.3624824635237,7.458065346235534,119.57451022723622,5433.760680324566,1
46.219460372491994,1.30621823867844,106.2848387155323,4532.332310889906,0
73.26298943431561,2.1592929259955556,110.44740726905786,13567.12000190531,0
70.37879994489599,4.493823059635085,110.67915858763897,14793.227174299675,0
70.43450024351458,0.35703091127453407,100.0128196819843,9142.784073517301,0
72.4594730939617,1.735185156433677,96.09430668323539,19755.877704944283,0
69.71321712325201,2.4109810294399994,99.0764774409567,17820.412105570827,0
69.47387906944611,3.929405518682645,92.10453997349099,1741.0037002510826,0
76.13044209770786,1.9105659433067925,99.47229693416165,9209.01312616283,0
64.57919202805499,0.3621612070436733,99.96475160604031,18169.53417060304,0
60.52313664360824,6.435255713049604,113.51387996255363,4405.284167694894,0
100.23781452622391,1.962954737917817,104.74620568581982,7567.920510647393,1
62.841425562187666,2.47969466907853,118.90094046229498,18938.949122689304,0
71.00142912460076,0.5049630765125236,82.72364721884841,15521.247493780575,0
55.043397491246324,4.851591390743362,90.26365039976046,16646.50001709424,0
71.16468415051422,1.3216145133032449,97.15723737867707,17589.675547965857,0
60.66774449310665,1.064520485040328,111.93995571211364,3423.51344825792,0
65.57527057149989,4.14217452881669,99.12338239773322,13985.480346320577,0
80.45064665771123,0.5650875862890268,88.25738531478999,16056.025802316612,0
74.72009568378074,2.505941510605962,98.0390045108083,4529.589967238699,0
75.6840952457482,1.0370294418093053,90.41921393796069,867.1971493203756,0
52.28795161608137,2.7229618230265746,88.85099385480156,3567.116285599661,0
88.36895169829013,3.249780110076619,115.9906225412312,14828.057424165321,1
58.08118689058125,1.2837996928195425,97.18712906655479,13885.812746140644,0
85.28560814293866,4.6621818719874195,101.38522290242011,17834.522957333502,1
80.21543865981486,1.9656486129807922,99.2563492226553,6339.060426586376,0
75.7733274178468,6.497828944494656,97.98803500313241,12434.881224698387,1
61.450152190916185,4.177370260389542,93.27471174169894,535.8681063622495,0
71.51589844819523,2.1350247005284166,97.51492316662683,18701.686104662742,0
65.2907858935514,2.123380873254426,102.69788382819317,11089.852123925188,0
70.29039571505292,0.6219416483508742,111.34908249651163,14967.706953966828,0
67.50127740914441,4.1383756508479275,107.57948509243259,5676.31905672394,0
49.61389493427592,1.183663510040207,90.24746482035934,1639.0874623652319,0
81.21784150984588,2.309065374334589,107.90825934589284,1256.4411749545102,0
69.1889284345064,6.459612464986988,103.80350409221896,16293.207856656427,0
65.15199600497763,4.6036025516578265,95.00223199509203,3038.9190281385713,0
64.39672767170232,0.8860044481975279,101.45677676949255,16480.037028726114,0
73.58459576366768,1.9739491081294442,104.57829746919919,5305.313286749633,0
61.062436617055276,2.4839864402237923,100.376423582583,10825.440974935635,0
47.448244415259566,4.988532606133395,103.84194667325377,5238.331856749665,0
74.07129803208277,4.49974139272487,93.0963918646096,1001.6762723167583,1
75.19102997956821,2.959043626678947,115.9426563539721,10845.578144642972,0
68.00368175322367,2.7623570026873914,84.5657221681742,7342.408212705906,0
58.52097124809991,1.9464747988033502,104.62280978662513,8702.199656376326,0
70.88935540889285,2.4314179014439885,102.93410770408258,12031.17807951184,0
55.354676316864115,1.6129343776185545,105.14354714761372,6273.214147350348,0
59.727694033123406,3.4657076955259667,94.3330371868139,11276.108654545778,0
62.49302063495839,2.8664856246029973,109.35357622666444,13155.463728602157,0
78.43939070891557,4.0370456405249815,99.13615454657351,1790.8986787473257,0
66.37389049563083,3.959903549681987,90.51028048744053,7001.931339057043,0
65.52133588223539,1.178935501141097,91.24151689379235,1798.9459634623838,0
89.54692515411246,0.1912085163937511,100.99764055070071,138.67175294927537,0
73.52462497188714,1.103663011944937,87.22782781230808,1024.6030541013563,0
73.38994510474826,2.41776606643734,114.40404786753938,11844.295784013859,0
66.30299254791225,1.614904373022101,108.39137024434109,1686.105411327492,0
64.03628332363222,1.5627079113669087,114.61475456680797,17370.031830295746,0
48.13593559982849,1.0474174466860402,113.7713879128712,15188.88160768914,0
79.68740531923558,2.66936584346289,97.18474828158726,176.36541831274278,0
74.4830970575638,0.37397830001953675,93.04536429879859,11464.903925069773,0
68.20834006786586,2.9424047999838945,78.57781854268652,205.0382509426041,0
68.62773298163744,2.981157440420706,96.75012700085628,2183.8962715681,0
77.36144262261055,3.976433255262558,114.12522284668762,19764.98553061948,0
54.45289926920147,11.675350102276834,93.37719474002236,9140.463885925028,1
64.10118668446195,0.16202962594174916,98.32063204108995,544.2240339913807,0
58.636971371074694,2.887267182110969,95.56343800733694,17006.290371839914,0
87.71509282486747,3.299982737592742,102.99996122886172,18346.896607481343,0
78.756555318533,1.1060583647046758,110.28867747371449,10967.668796132535,0
47.97307358864636,1.7056513381621932,87.68631505988387,14118.842044602417,0
54.86238373360024,1.3367411978915935,89.21779214695526,15602.422737351775,0
68.67654326642514,3.0198178653270538,111.89296031419484,14693.43535151225,0
65.27559787927575,4.27675939711509,105.86453499561448,9890.442428870676,0
56.75617791923112,0.7055639802374951,97.92495550921232,16653.68878545417,0
89.4476223765049,2.6939755822004634,113.65666209541128,10546.570416269324,0
73.12539913982579,4.8870908238995465,89.07976890888077,5190.065343727226,0
74.74816322863092,1.1764922133748605,107.44970792952826,81.3422969716604,0
63.07985050767786,0.9437356716484684,99.454095129088,7171.798489579508,0
77.22274147178003,0.8498382612397329,104.85235068810314,1651.713428797368,0
66.19567239017988,0.9891857287135193,80.90278310299782,1265.5283727045673,0
67.16656826292501,6.38531109286541,97.91437312084521,9384.484630075343,1
76.11001959825259,7.374153445960192,105.89437372829097,18873.48833692175,1
53.710024349397,5.3154629922342,99.49335825284138,2110.288561084397,0
85.97027859850982,1.5881673852996394,110.04238218240681,5474.999999935717,0
71.82389214723875,5.453192265628119,109.7744400571263,16601.563201331097,1
82.80944208780424,0.8056334225627348,92.33149099823527,8036.592927005561,0
59.24580243381182,3.524286493488478,106.59194121066945,15176.074624744062,0
60.768348759718066,1.264916198169807,92.05869874217407,10846.686615052568,0
58.38099778400188,0.7108682625371229,100.43212352923805,12078.626256951784,0
72.50297672664838,2.634389913581396,105.24902599446096,3222.867274865997,0
70.65983301918246,2.681504308373713,93.31773654991534,7045.644117942429,0
65.35588180768819,2.873806458962257,106.29540948451506,12435.108804709784,0
59.859308071147204,3.1110159065648832,95.95715403078478,535.3639313753056,0
57.33403730269158,2.539557908627477,95.35441978070122,3766.5302948276835,0
69.51516099529344,1.8345009072915266,105.65320786831772,7729.892174553974,0
65.344132204114,2.1027928537343787,93.31221645053265,13491.891775577144,0
63.14393007641738,3.558771915150091,92.90531624509524,10191.775720847221,0
85.4708948613161,2.4708447126640096,108.32924832024065,14374.642654819883,0
69.17674321807266,1.382995167506496,100.86845721539947,14537.240907425254,0
82.70042933926925,1.0901267470031168,88.36704403757363,621.0947678847623,0
64.66747817317304,2.089285615449602,106.84513102710568,18034.24826528395,0
72.44776283798657,4.87188534640472,96.74719014205245,16484.303042856907,0
69.44523983743665,3.1450376520627783,88.77589328350828,5421.36638681044,0
53.023776904818774,5.0478497455482705,79.94147991070687,9690.49840397305,0
84.28338306263913,1.566810281827255,107.22731437625927,6162.999030783775,0
68.64846392967584,2.3375962622103557,93.12065547110743,18132.843182799497,0
77.4641821963296,2.6006490571642598,90.04924182961199,7656.379830792308,0
62.47971277538441,3.6733725805597808,105.11522264308793,7921.062655719637,0
68.35155618420235,1.568701585238687,106.44633277047083,18238.24074960676,0
61.331476400766455,3.1391011771712414,93.70317601124296,12013.877893079436,0
82.35998482763394,4.686709488744936,107.30112527684783,2757.392324818808,0
73.11409347450676,1.9126212599039325,116.43914336890502,12520.33682189314,0
73.67053526680888,0.9744141262940145,110.77330616776878,15888.954876824562,0
83.58184147104978,4.794300779514461,109.52845676157564,6756.8233388772915,1
81.56341296899024,3.343618550889283,102.51303297706023,10540.110966240423,1
77.65342536136285,0.5621736065189764,96.45025435576862,12536.831082733535,0
55.78272652962537,1.9474307362697287,99.55291157682595,10208.334301199124,0
63.043208804833164,6.641938353508327,103.52593282930209,19982.490189386564,0
59.96111863988647,2.9634807634398785,89.9399043307608,10135.856941455608,0
77.27533693625799,2.0863551513427474,93.84494473914832,12867.459844720168,0
71.70651941750052,0.8682734157304188,88.57799885613932,15871.788731235943,0
56.094875663694054,0.8660960515260482,101.88149297833131,2731.663689335051,0
68.11255786988772,3.5176874044408946,100.6644313791643,878.2063996058032,0
55.058876642812216,0.938006801677746,94.77833067625109,19459.79717514538,0
69.4684351193024,2.614280300429637,106.56399364303793,14645.182995029405,0
53.44627496012815,1.9082567124189755,91.64319707257353,7865.639510482824,0
75.28827493384613,2.5020969752229134,94.48132207858208,353.37591488978194,0
73.77962626034073,1.7849007387251585,106.24421187930005,3327.9940191546852,0
89.07948493346882,2.8672765611698625,107.4305262410091,194.9558536592577,0
78.47873289497342,3.959539152731826,93.63419037832925,7929.145325128011,0
65.77085744177498,1.8078802924391453,101.85634083794592,11097.106701866409,0
78.18070093274486,3.7253031108109713,93.76954207376775,3211.6640218984016,0
56.023361190548215,5.196050129385117,98.42128373138156,12797.146194195575,0
60.375273963189144,2.598762715176146,101.15069915321251,19084.825050522268,0
73.3314253207511,3.4559297608688326,104.48292959052748,19809.009239653224,1
48.41750337252073,0.7128522634411955,102.54047210794488,16663.328629988937,0
69.62839215066117,1.8371628264484468,102.18529872432194,8877.678165821719,0
59.797367078815796,0.49845604932704873,91.37201330314396,10948.187561458093,0
71.01307055153264,1.3580440299261618,103.10621311445998,10066.139526773894,0
59.22263641952736,1.855494904989321,104.4085228095704,3113.334508798986,0
74.24248137455189,7.02013660378081,105.51147624069706,17088.283420507283,1
70.1932742366739,1.1032636740059922,94.2438385642329,13515.818738540924,0
84.0036591688133,2.01444667230675,107.32468493266886,12758.712323779011,1
70.06734534101622,0.9401361553329277,89.4621211057854,4406.623366729578,0
62.31357195038534,1.737017733214195,96.55345476764761,3063.1859753608846,0
67.53114144172717,2.9007306002361712,97.79584734164669,17460.529540690983,0
56.557636029832686,3.2371294376895077,89.90072749997361,3588.2789724442964,0
74.0613725470544,1.5621121331756938,97.67431190796157,1474.3693571450601,0
75.89850246315272,1.2406643149441277,101.7718473147584,12512.104022593789,0
94.69196036692819,5.650559215850822,85.39382254533331,14086.865146190481,1
63.78164009395595,1.4715621539768629,96.84249292983324,2392.4482062268403,0
67.32205426324818,0.24350672271154014,86.0127925418934,4137.188106379695,0
64.24241475561784,4.703651227973109,116.33231027453556,15775.275901230785,0
72.12113701131224,0.3192768513706062,101.69992973547187,18591.703994690408,0
73.81690534479614,4.708501495709072,101.00663427064806,9529.774340796403,0
69.46625155571489,0.5091833305567147,101.85658729327312,15840.099457048005,0
80.86325916873032,0.6185667517291767,104.83616504480666,6388.002357581601,0
63.83020496245223,0.7849225217797865,107.82523879867622,14064.678814680225,0
79.86174047890712,1.3781244355178923,87.4915685694827,11144.409188429376,0
75.38497853641083,4.739465687134976,110.48142077941405,16864.21827156985,0
69.87970080101053,0.8077635320266088,109.96660235213804,15518.021917024707,0
66.85063359242855,2.8946568175380003,99.46922711313967,5682.717635715073,0
94.2666775873137,2.4583090169628776,99.0501704745344,2989.1044189827553,0
61.82991349257921,2.155940637970939,75.17791362700741,16153.13545148773,0
72.97933176968415,4.158385898260619,90.04807070238729,655.851419904272,0
62.49780929757868,2.291427184877559,104.15079421010526,13580.776248134978,0
87.85620748621307,2.423141381980274,109.60493973047913,9518.284882742746,0
78.86826328799204,3.434587506066222,105.83069537693437,1505.9861125364437,0
63.21650121158856,1.4167692650120403,99.39427947377368,13771.224443465919,0
75.12594993431229,2.029563302890954,115.40698160454755,9657.481735973808,0
72.57695721276555,2.595649968264028,108.04140445093711,17202.026604886923,0
64.83375238025262,3.887332798158194,96.84938865004075,4172.638582214086,0
77.58164217228173,1.8355145910847077,117.45688521562731,45.99143669669292,0
73.8930539110441,2.0027026224217623,91.2306621223472,2609.7363572379772,0
72.15698713885952,2.846933714542328,88.22527823570034,5392.200656437712,0
69.58080288757671,1.862661554180401,96.63115690300862,13044.887368307902,0
74.31054492599651,1.126694263702768,93.93087857583532,7252.864550315914,1
72.2938766149246,3.430350429453067,97.08054708410481,2364.938266105887,0
70.59093333025017,2.3008987950312165,106.38472557120892,19631.469263393294,1
63.58984084012437,1.5061151483646416,99.72816342716257,2164.5489042299505,0
86.93766240762493,0.7835299322011366,99.93362585904171,7102.406860666472,0
59.49580056651453,0.3272627959484146,100.47051852967124,17532.08512983451,0
74.27636218879745,2.9522636012508827,81.50139605620171,13052.307471702947,0
66.79759257698566,1.10414975681212,87.87791593665546,6395.958236843051,0
87.595472694493,0.47720399485837933,96.91750987656462,19406.93559287416,0
60.96517462776159,0.9926506529604235,93.2565695892181,10021.971086154668,0
62.64736738239668,2.586776931677862,98.14570010283106,162.19791739048082,0
60.301819367381746,1.0949249467277753,111.23302703686473,123.26672302673813,0
73.2346505095061,2.624922036872038,99.40440402085441,18820.186591734797,0
56.26949340431358,1.3007746597376788,89.42265425821611,5623.612609515753,0
65.21471505242233,2.019836770821715,93.65520170188262,16241.299320721362,0
48.47634177145715,2.1553022906632964,113.68460727193803,871.2004376913462,0
72.40421354128091,3.302566375228029,112.25995177167212,2938.3421856251202,0
64.99785141243737,3.37561207093712,104.76701948519106,17135.590196797464,1
55.11943256068147,2.0708324458810567,87.50013543443735,19881.82633681064,0
80.85609402974059,0.9064030871804591,102.4544394808332,1038.458629805401,0
56.923331016150605,4.46722652171678,103.06957679320561,3352.7394673787403,0
77.96943690028215,1.4810151650455918,100.20432166712192,14458.237816037887,0
62.989591760121954,0.14170922331097066,95.43991155512512,10590.059125669968,1
86.01571377895425,2.517027176655152,97.09895164904205,8119.3209222908245,1
77.49550538926147,2.5916935080138725,94.88228074250343,3889.350759042993,0
59.91952129125972,1.5295321558380188,90.8394083331278,18908.70717242219,0
60.829174477896935,0.5123240001157151,110.92790268374596,3445.371049335366,0
76.0552520522431,0.4055309165695171,107.05851036023756,5304.991316104985,0
67.37621869289833,1.622703695192622,97.72056445933352,6485.962484194736,0
68.30657492978635,0.8276140536209612,102.81742646694215,2771.663928379586,0
82.72238861772098,3.8782418389329387,103.11760712312429,10724.661124683704,1
62.513111266300434,1.5722023541747971,118.7430684646085,6826.50151453718,0
70.91293772175455,1.4215140012872327,106.98054944732564,12156.950010712444,0
79.54627793652305,6.543155540985313,106.67815694982484,7357.161753701626,1
78.091174883856,0.17561181226057135,100.30384810455467,2328.4705805624185,0
68.40387332479328,2.0064502319446245,96.5246083327186,17451.947542616243,0
67.11094119147342,0.34008006178972333,111.06168202129292,10193.04146264565,0
52.61184537479068,4.784376116189065,105.21817694052947,6437.009799673423,0
59.43755007334804,0.4673835557268863,93.36366436756481,327.2950454915735,0
73.18359226574734,2.6679585069170675,103.6309324347187,11956.929417665346,0
68.62117811057763,2.398163664295907,106.6990887073665,15650.086599583945,0
70.74927078566226,0.3321141818607086,83.23335234965711,13001.225004342552,0
80.3925360963406,2.6824687613188867,92.62090565932266,15754.386296651175,1
58.126768909377255,1.2961583396427356,102.90211860831926,3099.716758388391,0
67.6381969776735,3.063483158300975,84.60430956936995,19434.059572315284,0
71.88710963411218,1.2251799079697465,85.87095067291764,4226.6657612517065,0
62.95840062425484,2.690029302419992,97.83630607684591,5335.591991468749,0
84.31477113927417,1.8556228314632282,103.93235407275954,10246.591254975045,0
79.08586801613147,2.684106934898295,104.30226965520895,103.91053947369721,0
72.90133327088756,3.0233939088308626,112.65919642153169,8848.969762370374,0
87.94231779328587,1.7012802174480866,100.65811110311598,3914.5055042563936,0
55.01104720389858,1.4862360378957855,97.01877717231582,14980.362368405107,0
69.92273718894319,2.9661261210303675,89.54112331075801,15155.067683634285,0
73.66336968934061,1.312575788990242,96.92297906858371,12314.69689280899,0
60.854449532060784,1.729719525370357,105.66023446397382,8433.703506404736,0
73.00714541817729,5.415224634237127,106.02177762789695,6204.680338578208,0
58.93417506212122,2.022703958424643,102.11695205382794,16549.239496980248,0
76.90557318274253,3.377173066573427,104.37691948235774,10141.872384274602,0
80.57834768128907,1.149625064123932,110.21106847259674,9929.33571891687,1
72.72333401128328,2.6620457130981974,100.60217474495967,2268.657777653087,0
51.47202184935054,1.7654040305739171,110.93855070200188,4367.660957118315,0
60.33206478833965,1.5186818332281808,94.18682528560524,7209.7858383665025,0
75.6471000321316,0.30239687660061465,99.41367164367607,13977.056855676828,0
70.21198643512366,0.837471881514938,96.15333416111663,16905.419823928176,0
43.05997382307512,6.8248954062174985,106.34164105391207,19857.20553659919,0
82.42830383868241,1.8380372814945711,91.8841244272684,8548.64202905203,0
71.36656506253833,2.033189898179812,97.42587619597207,9064.08694463547,0
61.80925335999955,3.8064154429899553,85.12258807341877,15321.210822440455,1
79.94955597566664,2.4812867876915514,104.75500868455889,6424.539528500306,0
63.22459987093101,1.5103563703568794,109.97432220580386,10810.359520282409,0
63.11547882395785,1.5227258838978193,107.28566361040077,13540.34646272089,0
73.58352651014036,0.7768450800181578,106.50102090775822,4724.994214092657,0
87.81038459242295,2.8240310983785846,106.71520316783959,5591.798987707022,0
86.23587177972887,2.896669340331967,105.59755062749204,7123.812743781315,1
73.59711498904106,2.0522347789974167,104.91516498004863,11553.696700588878,0
74.6238565885032,1.8010787853324302,105.43130766102901,5408.309069924498,0
77.91498932084825,2.9156157288008653,94.75454296073953,4163.355650159874,0
57.430163246306506,0.7596948311429318,98.39845245184122,2990.164315456274,0
76.44148337151982,2.5801656816404077,100.5619460856681,16186.197957068754,1
62.65926531856472,5.616896644436368,97.3143588904039,17719.429945276173,0
73.18478066796581,1.1789713917382605,87.46952291172128,18094.43891460028,0
67.72532372392662,1.6674257978296638,90.1199281048485,16432.67341222501,0
75.01208327114215,4.645441339289026,101.83980892018779,2745.7844635225847,0
71.1810346500646,2.054822889860218,107.24620726977534,1955.0388260948814,0
39.269697291787004,3.565052074068613,100.07473527327765,9983.286584474965,0
71.78891711705181,2.6908217504907213,122.11857489483356,10428.539061166633,0
76.42152952299263,2.8544904388231775,92.64190055875784,14656.46384920139,1
74.45928348338454,1.1230969714073642,103.55953713652559,4457.615073124181,0
68.97414053791421,1.0928413916954438,110.32962088519554,18618.993397157843,0
86.42161691930406,3.2405773240562676,108.52541696932462,6198.595859904337,1
73.11373129121661,0.5599069804369594,105.24053489419694,11556.179018269559,0
74.37673300193106,1.7278746834248386,108.56203179073688,17284.272148435764,0
80.44491894050569,2.918032101878889,100.4431547812616,10468.962169744906,0
73.625929996966,1.6607785982676686,113.3030539585644,15071.148896666746,0
61.01982246585796,1.8150238562598728,110.2652728508341,14980.524008146036,0
45.616625862203776,3.688540822320194,93.18217919431562,15800.424930198706,0
65.22879097981918,5.029299372032563,102.57254350107509,16220.965300938766,0
77.60945525881117,8.646746866596756,87.62162696378518,7849.258946373132,1
66.46903668582195,4.739057103362951,112.17431178588568,7271.124852524349,0
78.0117837228173,1.3971401512817916,101.79385152825388,16069.962003302724,0
71.48728175920273,0.963214566010054,110.7901827525361,11594.207856650964,0
82.88066070262184,1.413081829215734,99.12513996185736,12154.265676689507,0
67.04783292879338,2.9531499378279373,85.14986000987751,8238.345015881403,0
74.67614826567689,1.5324087897005039,121.09894032855993,4032.2931734701183,0
75.05885064535359,1.1607109028949256,101.04870837749792,9138.611385126782,0
85.01601872631193,5.444965050679032,91.9983310127856,19392.92931538138,1
52.93362693665722,1.492999713974708,109.16609830712711,5817.337584959532,0
65.41591725446843,2.789881589527561,116.28685824995436,5440.164827482752,0
78.48516105388504,2.7375287688746126,98.3804946043439,2615.683513781348,0
85.45896479778648,0.31173909587793697,99.20606071418422,9623.608820196545,0
72.4007151264208,5.223992354611084,101.90436987769263,5770.607917883141,0
67.07295835578513,0.7163989889574739,91.1122349475832,13742.474619928986,0
77.57118368674445,0.5044974060471307,94.47466040334905,2702.4916333750416,0
78.68702675231683,1.3585150509994997,114.25540691492017,4946.24965391133,0
66.40338321332693,0.9754070386350776,98.94234849680389,1237.0209895917994,0
73.30307312177547,4.675543835655557,93.29954417579832,829.4180931954709,0
81.8052726241197,2.4518297710579344,96.3836648290938,16282.869450047163,1
88.90458993274451,1.256331768403669,108.58258949864107,18117.562092510503,0
77.42604959235292,0.4844535074518811,84.19282491900049,15277.776707375775,0
70.44138896665594,2.6647753575680966,102.03719917883079,17303.269404515944,0
69.45924823962092,1.604783421451548,119.69774996033969,1731.9229507404698,0
75.57396557193623,2.932401344251453,116.24850101831224,17962.685623591024,0
68.84327157520549,2.4634676772621,104.58562224654938,9320.796729415633,0
71.89640499022389,1.0040286096893536,110.53154088035184,15372.876458616982,0
59.42123735469125,3.2030990083469324,110.4546102783702,12315.145768351234,1
82.97057196491158,0.6378893563513633,98.99318397208721,6997.396321562795,0
58.59815272851321,1.5500550896169372,107.39835042691445,5295.980654390104,0
65.67888239546987,1.7222855469220895,114.30866415029885,2362.603245867425,0
70.97593260851814,1.9105803749955965,89.88990205500696,8253.022029620772,0
89.90986879888638,0.599815417273366,104.61320701985278,9882.054322590882,0
65.77317015147673,4.518260555908179,102.89180358470841,19662.301884878747,1
63.339841860396035,1.0018840208806927,100.82531587979369,745.8095265745568,0
64.49183082666207,0.3736910333039563,100.11706644532305,11802.98324438146,0
86.58897167611312,2.5211252725919975,101.85335978024342,10499.896438567406,0
41.876530064939786,6.761189921144843,102.52457758279589,457.92380620911734,0
59.97261987851413,0.30989327071109835,108.94892234290543,6594.846620050394,0
97.31288709159551,3.7220516864154987,103.81211730581744,8458.548460083117,0
75.90882073491638,2.015857887180105,98.57698724258903,9885.395234784166,0
58.9401505066078,0.6230403921507507,93.28062834007177,4669.121719809182,0
69.58082017825228,1.7112304789733923,96.2204598573837,682.0043979485613,0
70.67454566067862,5.699746623867729,102.08932882303225,5876.862257196079,1
78.46125245905606,4.851724763580903,94.35143409694139,16727.236848671764,0
88.39502002822563,9.723490636199564,107.56701670971698,16157.157525687677,1
73.88551681279216,3.307784076636305,103.44044112538285,3615.0154900333196,0
64.6021169698704,1.3242083272868788,109.14821936045608,12926.003313153176,0
77.87084442098204,3.6755594092785935,94.8894462322638,18472.947495473436,0
63.01747303137139,1.0984049475849178,93.35145868281401,3442.153818970315,0
59.66662504010971,1.8263600503886672,109.08845781014132,2573.5268041569293,0
52.40091128043555,1.105698932042671,101.03963165334044,442.92533513405897,0
54.34871605499599,3.298009742556275,98.37986296878488,3448.2292939246386,0
61.03554843875728,3.0935285403797796,105.58928396521917,16279.051556511775,0
58.22210232299129,1.1901873260283626,105.29159390916581,16279.794803242072,0
73.13236527374717,4.27330173047828,89.95389010613366,10809.041540580196,0
58.00598174175965,5.216431327130378,111.07716098468872,6671.289538678571,0
38.56333697975256,1.3348605992189062,96.716744452677,16135.608380039654,0
59.560882254105344,2.7017928789994916,113.60014438193524,3900.3048691114727,0
65.28140352278581,5.433817799525322,89.3316110914907,2797.079801960818,0
63.94550512128035,2.5307667320953784,102.5391910598425,1784.204358655217,0
85.19524679309184,1.552649423859832,98.51503039249219,17026.518930448223,1
63.8645744071085,1.8844355468601752,84.19812258852653,14296.859604385765,0
78.80923463199198,1.3212786288936729,105.26566382441331,12491.725676588403,0
69.81017400319138,4.364454748704626,84.60850378603995,14549.349244217488,1
69.576952743274,4.002921081195808,97.66666511226379,2869.5738440449527,0
61.646197111519626,1.0749079615963195,108.8342038217295,7695.781749823931,0
69.41217348419232,1.2546947814977107,95.75971218163969,16282.304588282757,0
62.34903873102583,0.5128072830167602,92.77012678787584,18335.31018962199,0
71.7002431425457,2.9687624087361986,106.40285176449608,10261.912678446824,0
67.63750367376312,0.7345673355103334,98.0038555957648,2441.2289216595727,0
60.553720668084,7.379864821887596,96.75952244248143,19570.34664825399,1
79.91894339700595,0.9757278609907527,110.19993981735459,7900.570827815199,0
74.26840480021426,0.28533512479342704,90.66177011876339,6379.8932817485675,0
65.51937265857752,0.7078555060262742,96.32314195623663,2399.8183142995445,0
71.4549304703531,2.4737531388901504,106.93157608855817,252.5924198943019,0
69.16177478498037,1.8634245434708934,90.14442115592385,12073.466783039616,0
61.32409062736726,0.9574376214508513,114.20277727788955,12248.620372688385,0
70.70496229021164,1.7918587616479538,98.26522011946582,4684.82273444121,0
63.78988245192625,1.212335552715571,106.99621905129892,3239.7351229431415,0
60.550661643799,2.9169562539440324,106.97948142418034,10560.176009978672,0
53.77232669733475,0.7616870566466295,98.78169660830058,8708.137101172373,0
66.4139264646137,2.218992055273711,96.16790310522752,6073.080760583977,0
75.66970659583723,2.2897463263641686,99.65628350436643,4364.657239484429,0
63.053406466211406,1.9087472316322265,105.701473979923,17186.117165159532,0
95.2070869215797,2.671017555755112,92.10860124831314,19676.559182109988,1
78.85685653652732,1.7762800173506708,90.37393129015118,7111.634647654472,0
83.04330132660478,3.2729241263270854,111.87362177402899,13962.615721963339,1
77.95243012073759,1.907459605958287,94.12115943653683,17310.94428657516,0
88.52864974938572,4.495993673690427,102.83267105622723,538.7356163092317,1
62.12998016527458,2.21022713695598,98.38236632880718,18161.29760992369,0
44.392626143413786,4.304269543997789,98.7370751102127,9982.979857395847,0
65.53874391647116,1.2324840882458983,111.44311777110116,11134.985208046799,0
75.58218575547538,0.8455492550295366,99.31864649793981,10797.466392949987,0
71.51516971747978,3.255742850100504,97.14539097425698,4858.543868178973,0
72.75472610967783,1.9344464200753633,97.84227490980086,15644.828819814242,0
83.20910002669872,0.18227139492256297,95.97233264737996,14646.767450714031,0
73.82057574462499,1.0560070307226574,94.63927445899965,1915.84698036666,0
77.98912927591022,2.482601467610204,96.00442509667296,11255.831490030865,1
60.60437258147241,1.807548527447267,113.30568090310892,19140.524034101814,0
59.04606310783963,1.015791674273524,105.69191061648341,17423.148868524182,0
86.14113923024487,1.9220463152264293,97.23842760912262,12518.087426974893,0
71.00901535147068,2.1685652634924204,107.85324507695059,3973.866875221348,0
63.76770816553865,0.3757163578061404,87.30244958890104,6944.462600534045,0
63.78605506452882,4.223604234245916,111.00542681372536,3007.1613892204496,0
63.50876878361743,4.885396984853431,110.36124615861539,16438.612299791967,1
62.91040978954158,1.051080027156207,117.89067211218912,15573.416625450254,0
57.1685219739634,6.609686596728326,108.09241151262925,18207.166146713535,1
54.99579597779491,1.820610930349098,103.49787635092137,1267.910949418598,0
68.04995622345581,1.1566715496786735,110.32912307894519,19294.269632989843,0
64.070741296796,1.1271151043604744,94.99352454901123,19328.546731645856,0
81.07159285443295,6.319719007205844,96.8366680663828,13488.195871007247,1
72.93076653266917,0.7761232455912982,99.48604145237249,17634.964992800167,0
72.65317680077983,2.2034642676440956,110.95105224720314,8768.757463652832,0
62.56879592445549,2.4068774729691644,93.15297317774213,6268.086020111458,0
68.78971584220024,3.2712307348200214,92.30350641944273,3087.36912009669,0
73.6100110363144,2.072584196472339,101.89230462565614,631.589398295076,0
77.16195739712676,6.017946754284187,105.74024397660692,839.9470544947408,0
69.06108173481634,6.781350822141213,94.37535539247939,13831.334152081923,1
80.79123779324209,5.120645304830964,105.36334362217546,6731.493310205823,0
70.07989308907943,2.584419836162731,110.94719473640323,1081.233491145077,0
77.9284711851768,3.7550530819941303,109.6036935478682,2244.046191723088,0
65.1014779141085,1.5337679397883772,102.82634214822593,13305.675299281997,0
51.874116334313584,4.330859430825391,99.27521800888817,18773.60430604283,0
72.68358988018522,1.2149615915831768,113.88498908517931,8159.563846358197,0
77.25324063146626,0.9008607800482787,100.1232319559316,15553.151349889977,0
75.75347331807569,0.8779886709104444,107.52283695692164,19471.636202281614,0
74.2218666143744,2.970085146390757,115.66625183348461,14165.985977885686,1
66.51413034045012,5.532652604897928,106.68214463703947,14460.128666691673,0
61.932537485544074,5.829900331559232,92.0232701367439,12318.015883634398,0
75.51728269043781,0.20061387229467884,90.0878177495337,19553.530293768643,0
74.26447416198275,3.915859643011508,97.61896463949519,5996.120687113546,1
64.39100909156174,0.8468257261117448,105.67599298766581,15659.76901921436,0
81.09424189192057,8.56090539698831,103.5582869347521,8301.561244242592,0
61.171344854523994,0.6116633753383395,117.65665652370939,3108.3928418119153,0
64.1647662120896,0.3843953126994007,103.48045030209126,14787.447494629434,0
86.36425212341665,3.9712946752802276,97.38047026599493,16588.038294223,1
78.68581937733913,1.4591652783715894,90.93326317512089,17271.982388901793,0
66.41990694108978,1.3898574056740067,109.44349902317876,18437.56989895165,0
72.8738070964355,1.0367287840999078,99.95151016633399,14898.2318646334,0
71.54792244523838,1.1952723567744246,87.95088185413815,10552.371102814026,0
42.543861350226216,4.092283711783809,100.17808482332215,18773.908527990105,0
60.935260505266186,0.8754066906498559,92.03409511098394,4191.313523036202,0
69.49153382890718,1.7661085167068442,96.59489991720147,1546.1952684882597,0
66.43388523440694,0.7929892317656569,100.04953581154133,8632.514407517298,0
72.4710256483042,2.140617640265918,92.75857561332008,11644.371750908433,0
81.2948231294792,1.3708148604276051,96.09900664834915,13599.787699316628,0
66.78464215346072,2.789888618867241,94.04704132709345,16308.439369581944,0
59.42345203877135,3.059059197465395,94.26168642943811,535.1328991313009,0
73.24851658511045,5.59561574347311,91.93583586294751,16040.926820214838,0
66.73376666432196,8.196021925179986,96.13788348317502,12002.573589631516,0
68.43936499178098,1.131832512433087,92.84241246580838,19058.954008754907,0
67.08226280846921,3.3148330045437295,104.69267292780677,6957.948459407988,0
92.41837800010985,1.3508489783814002,101.60640042824232,12339.569189371983,0
47.59295739002055,2.994877590849957,109.5577217999263,15330.968125678695,0
66.11666096867354,2.9037478774822465,115.09362712350082,10327.908415066282,0
69.96310974351609,2.8385406825434707,105.41860011137415,3118.1514673910415,0
62.18857507717221,3.4977269169858456,103.59669619706646,995.9954403995863,0
78.99825832128283,2.2451626280670696,105.92269817835916,2228.0132267834406,0
78.1325767871964,1.4640503564750602,103.73271053601727,9898.09164695555,0
69.52245381511459,2.1593950910838653,100.40159476341273,12792.175470125843,0
67.29326244656306,7.794149976704823,99.76539354922082,11410.421316323616,0
68.88043165768353,1.2436117545280156,91.82664028750375,14258.322836847645,0
68.95213346352189,1.5601967331736366,106.71135643443871,779.8928714893027,0
69.21626971874237,1.057831401510943,99.74964152113336,2726.814430581952,0
68.12000898483201,0.3066918610278214,111.59615179432514,15222.802178971793,0
72.52449314592393,1.8931820891280187,107.32108722868253,15623.647369551158,0
77.53212064827865,3.142107082426515,94.99238702179218,14045.876686354657,0
57.69739852401423,0.9108414754804954,109.97352837519004,14908.600865304175,0
59.49336100766851,5.0222029033610385,79.51406434797138,19268.801730046598,0
52.51481970516477,2.728566513173485,115.4418059596625,18884.373475060616,0
78.66397400357599,4.118619099742693,89.29243777800268,12889.636813013614,1
72.50323293190463,2.5431946072600713,103.96089743336695,6386.691574751444,0
75.0526751593277,1.7593892302160659,103.41932932918023,282.19781751860353,0
55.70501761636532,1.4919511496557398,108.989734894734,12632.162418177653,0
87.84948122880138,2.4649354161152064,97.3704255415647,8626.076936741356,0
63.91149091854642,2.631383829342409,82.83585222510355,2940.549035964224,0
71.68205807111256,1.3202870455699065,97.38169670895554,4305.154960091875,0
78.54384660678372,1.7248070217157554,98.24670158000274,18730.586318199752,0
60.13020244203928,6.814367731379256,83.60646386706156,1324.450813120248,0
64.53675641487334,2.1896876880688754,100.3629728716859,15749.415512257328,0
71.79171774600874,2.360563478574135,91.39318809068364,18040.986622921508,0
98.57473075464706,5.73867012085055,105.19268082474763,13766.950493565673,1
73.01124742852025,2.6567285706330703,98.03136211338789,1226.8328263120277,0
86.06361150630718,1.9852953238782827,115.68875908415787,16917.058456344203,0
82.05673145191956,4.037740730323208,97.95057074527614,13065.778821218239,1
73.68010036494519,3.426236967280929,103.44313013072956,5540.65798743776,0
60.10804228369321,2.4050116950560043,98.29542794832398,12593.10765712027,0
80.59753610818235,2.559863274079428,87.01385449231674,2730.855699363579,0
55.01889658351953,1.5981072768098463,98.36229595890003,14152.951059263232,0
86.00875123677092,0.7405613901624908,106.02730752937183,18059.912363172727,0
72.00005308218255,3.084236269265214,104.8159184453197,10433.625292367486,0
43.49776452701824,0.4878641507691629,97.65385809737705,19042.11902088395,0
66.59493904968161,0.7715149380133012,88.34595106467228,8761.899356408563,0
76.5394782092294,1.7066802198220834,105.15566870186629,17151.34063562909,1
67.62976126960233,1.5733687607806905,103.3558926837079,15472.968317545472,0
77.15005810993573,3.323180334712714,106.7472868308208,1768.59028686563,0
61.49975832287704,3.943665070868838,97.80710243812302,18253.05155865508,0
56.94017627212393,7.458477784890089,86.52500165752353,18208.553076832264,1
69.28554596952395,0.4122634743619004,104.27008146461357,7028.317317914008,0
70.31565667289915,2.8279356624412673,99.92685787941213,15868.777633505239,0
66.51615648937678,2.7452897647134327,111.1334701872009,4492.748899708543,0
82.27291146642193,2.5012697886727837,100.22986425957134,607.861718159286,1
61.497926248609424,3.083254193203462,99.63626488648399,4158.742622334002,0
73.1316560733235,3.5541667673875423,103.33803577492785,9679.756782874407,0
70.67969971163625,5.129421527445625,95.22455144959095,1155.3500696738306,0
54.432840478639164,2.5568996648626228,94.83891423101144,3200.1236622280803,0
56.80969816331488,6.194436296344045,99.21683786929647,19008.759867631667,0
70.11911016248631,2.570588735368081,92.63674953384022,9876.818223333228,0
89.81199998686964,1.4043042444770384,98.16723627627228,16462.010595629283,0
75.79269811898811,2.4031223189180353,115.5164908595896,4132.454984851799,0
52.743651748553674,0.9837981950314184,108.34106981381093,1770.4338618155523,0
38.895119348806624,1.0290267858091826,102.4643035311972,15610.961120214426,0
77.3305359300438,1.8215984716981397,112.41341808763934,6976.676571977383,0
69.037865170718,1.624469180564421,93.40083121594684,9196.088707150448,0
81.4126596951037,5.033254911953956,119.92351895903997,19842.58050911147,1
61.192820792885584,1.803827588660706,96.31597985952219,6330.611518484459,0
73.50212497858526,0.8624655570583041,116.03044716407344,9462.915845733147,0
78.46173463027863,2.081397710593983,115.9952243822372,12696.226634355236,0
65.52536361793518,2.5519100293926793,85.97416154562235,1781.375614562115,0
65.73914429768935,2.2522680612395796,111.73673714513451,14328.642060292083,0
70.25262831098391,0.8240127358257785,97.72872687637859,9034.620405500713,0
75.42676346560329,5.404815038137739,95.45625234145544,3500.289550674549,1
69.8566599548809,0.3637112474562066,104.1971049613199,8610.837194009047,0
79.73996337759486,2.2265463793371114,91.93667740196193,9213.356952030266,0
65.3806481073297,0.7991072088801351,104.01597670333022,12814.73949816643,0
56.7160479453689,4.199886649627043,92.47364414161947,18742.676327730678,0
89.7697536811318,2.836926593724842,101.41663423409454,15301.311777240171,0
63.95366263457554,2.5518164856537138,110.68290063272119,7649.000808207096,0
64.31557916282253,1.6977766214300123,103.09214348345962,19392.96430551452,0
69.34196678927816,5.08935051294121,97.12166730175082,15816.62344646594,1
70.67181109653981,1.69440454050419,104.33128888670336,559.036121452432,0
66.13316357511717,6.562107962834578,88.7481580639608,2331.7282784018967,0
69.8256610305099,1.0031620360730111,93.28911372643172,4360.223240895673,0
69.60237768571827,2.0922211955204557,96.55783951594388,1670.0716601373178,0
71.74819327020806,3.486612299869039,106.29480196894501,9708.544384339635,0
46.42512541012684,2.978731429560521,103.24639003057143,6814.3608438433275,0
88.8087630700785,1.9689378250216165,104.28133163601073,19458.509274627166,0
68.52711686465443,0.4195887373133033,99.78093960871654,9454.721945023459,0
75.80622619446986,2.341135090441691,93.69520283197949,4243.097203514681,0
56.21898658465976,1.5364885438697702,111.90493549255469,19414.616884823554,0
65.2899973875075,1.253392964542438,94.41765236425871,10277.635828481356,0
63.276841336795854,3.6318207021364874,103.35231159764656,1461.195426733204,0
84.69723764508545,0.32943838720073565,99.10316277477,1617.4924203704877,0
64.14186393164117,2.0247479390551777,104.50394533627724,13505.85363886756,0
77.58079986940092,0.09717905554476029,95.15610411826451,9895.917780550302,0
63.495795473268046,2.995162434454303,108.4214172870964,12484.616288977917,0
65.47381060346056,3.658489910427735,111.0262233266875,16993.2001638443,0
67.54449834799314,2.316597695980314,107.93058465997098,13627.672219524144,0
82.838451268293,1.420870989842078,101.26100260778918,17235.79716050957,0
51.10147340969881,5.038817072410571,96.51899803117053,14853.769799102995,0
56.843364447255674,5.270151787937865,122.57689427087647,13487.995059878123,1
50.526948343101836,2.64963353333598,92.06700364190425,2693.9748271130593,0
59.1249788023855,5.8082587028377235,107.04983641376106,9656.552257498764,0
61.88399948807893,1.0013481399919726,102.66227910461299,8661.853853343482,0
53.855187459096115,1.8753149980999169,99.49970046257023,10813.906966037377,0
62.65852253385331,0.17327027135499504,101.48130351787212,7822.857203298852,0
49.85285519066585,0.7473647941430891,95.91827757310958,12408.744969611234,0
59.82011276232319,0.686250436822635,103.41644434596198,7849.117488724735,0
82.004203999102,2.9819652703253348,102.53459588768054,11152.35771991704,0
74.03588070281103,0.796909653231041,121.42122578340138,7897.506197657005,0
71.87467672172528,1.1723978227685898,108.56657772067008,18035.347066459515,0
59.972214437208855,1.301811152028934,104.12706217701125,7468.313613996332,0
54.639150409552755,0.6144102317641574,104.60447146647701,14618.650154654624,0
58.60843924465719,2.185189231431903,114.71630124396596,12274.703388781163,0
69.56790173103985,2.493334573246788,92.23658748207782,7710.47055883668,0
78.68176779726669,0.47282929672018936,98.53813804990584,16152.621368950648,0
79.0236741713532,3.316069305496539,84.74288937857018,18551.34338817343,1
76.30612362483333,0.9405352021121374,104.47019073729521,15209.686638917685,0
62.62443135932056,1.2846932609626653,106.7853900043544,18971.760917688785,0
70.24549832403989,2.853198503637683,92.03519958212132,8726.133837294527,0
66.78657469962754,1.2943601855438944,111.48064014400563,18274.801132955767,0
67.9881023650525,0.7583140584901994,94.24896005900172,17524.459419093095,0
90.37127896959814,2.0893283837454515,97.2602551278675,15247.746306604777,1
52.379997629963874,4.233958468437148,100.95652732496026,16704.01390307659,1
67.6532318407774,3.882933366380891,112.75357090207852,14602.67279220561,0
82.11748907196157,1.1935496154877165,93.13441745535282,10246.169245765002,1
55.34108504966461,0.8803358257652616,102.32997700292546,11048.383022838803,0
63.562525747337496,1.0500094143065497,106.19870203833938,8353.73555328101,0
64.70961502432361,3.9119233494821257,104.54776130943588,13285.85376978134,0
67.76710277946016,1.0348207721932836,104.84320826453363,6495.797555672151,0
54.040428403937824,5.616747769172959,106.09200177739153,14793.189549219911,0
75.9528606033804,2.8269867459661286,95.56221820315903,10102.307211309866,0
76.66287282513144,1.910096168142151,113.5022382946426,7063.758306117018,0
75.08375325017948,1.1770543773846611,99.11080481462058,2944.558364105514,0
61.29626325708919,2.1111727068866695,98.04921437614077,5110.51817995718,0
70.86510790787295,0.7538173615834617,110.78100401051003,12804.007258634525,0
61.00559760430912,0.4889208824012048,94.95546506498424,7396.986111100064,0
66.67403339228487,2.846629746076774,102.56222552559217,663.38252383642,0
91.53467927170878,1.903514717228967,94.21732300803811,6594.760594240432,0
70.95695377596256,3.402166141328839,120.15388652356013,7327.153979589219,0
58.12473424012826,2.43370045325208,118.4692361338143,4686.017615404036,0
71.80335340663913,1.160726074447666,99.11807214850764,5726.30057475227,0
56.4820407393669,3.879858486697131,104.15885738800426,14098.548564577048,0
58.009896074849884,1.2799869680950875,100.04159844037905,14925.329077606977,0
59.58876864051209,4.6503771676457655,97.21120409273281,19177.97931983858,0
65.55690547804316,1.2466851768295413,100.95705199284693,2361.7653094079683,0
79.36968995589201,0.5747215698242366,99.67518851822032,6234.500087375576,0
75.78398198016839,5.228411457496601,87.83466074054428,1540.8905196167066,0
75.22995328247329,1.2111151967176623,102.10418657252472,12266.07467803436,0
59.01075434409458,1.2841655549178923,99.66165701989885,327.7658660761151,0
64.58685644564352,0.60016004347382,102.4976036530683,4107.12682686863,0
72.72001106883188,1.7839288430259328,99.37985777788414,11739.600894219035,0
63.71680014611587,0.6771748144159374,97.11728509217163,7174.772947103845,0
67.21633559698901,5.022525070537071,106.99928048220559,10887.525181814648,0
74.4135869252995,1.4482812056620353,104.26507522966726,12804.750169284713,0
66.51227318798698,0.895693162819445,111.1683783994855,16778.801357166878,0
72.26059589102026,2.0322337156100745,103.95783811577864,7857.504426340321,0
85.92728456019569,8.072478939319485,98.41914758547892,5577.9382927724,1
68.28141201013003,2.1033778152343667,104.93414820947548,10776.102670235952,0
81.79337809719206,1.6142128881108093,84.15509472608824,1393.6261534885784,0
75.59370067307358,1.9954636379244615,116.82943910984629,838.2844552340663,0
55.32758006513234,3.523967519643556,102.19504115022053,9044.74470019797,0
58.97862970736476,3.3015027682838727,117.47564715300604,4361.575000664544,0
61.664041169301036,2.3800717636826803,93.04523952255494,144.33150426736097,0
61.451650830672165,3.991256175471689,91.05883693908748,13587.40921012767,0
69.09710253893186,2.0820574038492485,102.92666634131452,16323.110734908585,0
76.14644048081823,1.7227865337422787,102.90027794213327,2957.5714091189443,0
82.55158416704722,2.0475352281463075,102.70595819549555,11278.045484027956,0
73.08175088725082,1.2531594206878178,101.48660962600384,19679.699056425576,0
65.5432044394679,3.576681812321183,94.9750627125889,5375.113667974807,0
49.17758756370126,1.2030365033392558,88.11715364737182,14616.294642400804,0
70.70589575417338,0.26074465365748334,102.26520445320548,3242.051552269063,0
70.25770193694991,0.48573595524374014,89.73926399761295,18641.85963166459,0
71.82928753538958,2.560093117835421,88.98394961809018,8.6717037145001,0
91.06240297703333,1.0401894046258227,96.95494561225411,5894.603604588194,0
82.40596546193072,3.356645288505594,103.44527188262707,19528.650368466755,0
77.85060918249985,1.9172712771169667,115.90207389805035,13413.80476003257,0
60.379228699284,3.5580317683227567,107.83407442603036,4236.911987966807,0
64.87005250803256,0.29128279533163404,111.46574069703264,15827.311636328817,0
69.05155393071497,1.1951868778165755,105.22929350034457,17961.711591206655,0
62.245928759896465,0.8695740379125979,102.93482975154986,9745.423414746112,0
75.00464524985118,9.128030815019045,120.04632251884874,3120.473064152911,1
73.56908849215705,1.3688433357277932,89.41715508886085,5171.8604446562,0
59.116922069453075,0.4782679022750812,96.69415746884604,18862.282345914806,0
81.96816709096124,2.5249292443138205,97.3185618433407,3222.0559409133443,0
71.0231033380886,0.8025481059477168,107.14845617086657,6238.136739038633,0
52.70928853257749,3.819157055571029,92.1697859385113,2910.7534924225906,0
69.4865714165503,4.2682764297297116,106.10743686061281,2112.1182234106595,0
72.81206455922904,0.877301289252868,104.63719865415521,10440.501171801174,0
79.72792361435741,1.0669262724654616,106.50677947957438,7934.185825889095,0
66.62523596873383,2.354424417417337,106.36178437476079,923.3687364859611,0
78.27938267447207,3.897898544416222,112.30655709306077,2903.897534129116,0
71.87141986770216,2.5585690190309287,99.606324296501,753.1675917492064,0
56.8494539096242,1.3707007605369383,104.2412632759325,491.79899276052373,0
55.84833226517486,0.5782950290067305,94.10760571549673,3569.401876142555,0
81.22559870149348,5.9594368743633455,92.28163991785947,14872.985847014163,0
81.9598417838177,2.603953495635697,114.11863027682881,295.3993641821651,0
73.22909230404723,6.816687522803806,93.5030497011434,6089.5484972031745,1
84.95706721180028,2.8802595038022956,105.1304966156231,11295.761420756642,0
80.56609849041607,6.228217072264965,104.24834239605985,14874.07136871888,1
76.83628729479722,0.9835628095300566,109.39984715469818,13557.837979181086,0
60.88688511266328,1.049030486017155,86.73439481120738,19768.48883601238,1
87.31428751032344,1.670695199323806,107.12965594036946,5512.545248431562,0
75.36301432208273,0.9152000023659408,99.53574394867843,2.774560051892472,0
66.14161225388378,0.40186034136594506,95.20072705230078,764.3855175747749,0
63.31729994694702,1.1464746225037568,97.99345990591688,1950.3742084005005,0
72.56783781513857,2.8509377536360323,108.29416629632803,19504.753771680076,0
53.28940915161545,0.6493216380202553,105.84992413860058,11400.965886034957,0
76.99673275352862,0.7217038725195056,98.97661233595599,15987.370678458561,0
60.464291853059734,1.2100515114847459,90.88714028744576,19701.58032001641,0
73.70608108824287,0.8253386284020799,91.45164322470688,16885.35769778155,0
64.78379662641841,1.2689007703285138,106.02424127939729,8152.317527308306,0
67.35581287275296,1.7703859913023834,89.77806059476485,17517.62871042441,0
62.43090127234935,0.6932557739400457,99.05476409404554,8675.018330128316,0
68.38770568819199,1.2339183816281083,121.44857701903922,2279.360889467894,0
88.89379546017354,1.8972248483292518,103.67648670696077,10962.62701951345,0
83.8505962704864,0.9483007518720098,105.93799363196004,18314.94681575737,0
73.54478954995457,0.5780900969932738,91.51171782506937,15690.765992588138,0
69.74705734435048,1.0115033020849127,90.18158675062044,8038.543366954836,0
78.44201190692885,1.435175646898719,106.3665762963044,17097.325683413004,0
81.29970394107556,0.3790343783065341,97.74118408884114,9283.649895879706,0
61.701816177924705,2.882374389063679,109.38897185250939,13691.494538359377,0
69.22561132367798,1.4987199403538807,101.14506590099614,6662.703375235504,0
51.7804177043192,1.0164138800641167,128.45090228440105,3894.2801352249126,0
81.23102110260895,0.4478430918820622,96.22144147749322,6269.408075733536,0
90.65024257700856,2.6219052338885995,103.11305223351543,17503.272629386356,1
70.80082624623086,4.297640493240687,93.64683469930024,19795.41969572603,1
48.749898750969834,1.1873999131616988,109.05664008521944,5278.336608927836,0
76.08890516577031,6.421797633901357,104.32409915099429,3307.26825725838,0
60.959108338509196,1.8289140838250069,93.11048117268538,1421.6545804921022,0
63.3665055833554,1.8813645118271651,98.26172084709258,15076.391124777205,0
76.26576389791003,3.4689705111029348,111.77467818800422,10560.005109239599,0
72.54554125512725,2.722391413048149,110.81367284297964,11122.004018745753,0
65.11891224661399,0.6451097551276223,89.48483488587483,904.127728859474,0
63.50394367398336,1.1499789448139477,97.07224285014236,1621.139829830287,0
71.25836055220833,3.8896013040168382,115.37117405037574,18292.459792871257,0
65.90534447487633,2.7622303447690846,99.46257759444222,11534.616489277438,0
58.90762866396993,6.4610953890347185,102.26738011639407,4384.133624678093,0
66.6743681852164,2.4615468699552956,109.01545533328061,4149.225930562119,0
73.39592623255184,2.8305143924461635,90.14270634961262,4818.063722925627,0
68.21896533180367,1.0085610548832704,93.28242002056481,1275.1578190477387,0
55.864914017518146,4.252210105624836,98.21040733426688,995.2650325314094,0
79.89064621375539,0.17031484506908695,110.436988958842,14399.7069925225,0
42.61188563056666,2.1373788656839188,108.95812278601838,5275.13628896407,0
65.53634844971565,2.8916915986535785,106.55813093749678,7689.299905373099,0
63.79801545446084,2.3428459882018937,99.68672041063385,10747.258503739988,1
71.48178877871415,1.8407154200280993,109.83655790143754,6401.281888597603,0
75.61661807802736,1.6837434264956004,99.57883815329352,9575.728264963444,0
81.26764808261035,1.8999387399430503,105.42374409897926,17300.213083903927,0
62.875951266478395,0.7452574622380804,108.09631180315684,4881.989629097123,0
75.86582337333482,2.333955594367273,114.37456054008517,15825.193462447567,0
71.95818387881461,1.0185765286047175,100.34940332334538,5278.973094653259,0
52.88460624816777,1.1882550768972047,97.89911823242866,3738.9521567522797,0
89.00540255434109,0.6677772171896973,111.16060290230693,1453.1749880153511,0
55.61224872759801,10.455661354699505,111.7748206294601,13684.030424821338,0
74.19497272309715,2.214050303225109,96.45300406087748,8232.67615608311,0
73.89959944197747,0.5400476594331921,91.95973014508589,15408.538278387969,0
72.75636782329077,2.044789165677458,110.5522757293289,2653.4226206613052,0
65.05423117838393,4.2196580823946235,87.666181011237,12067.011065202962,0
78.27252651140502,2.3148167401910418,87.25758857166679,259.7408945010571,0
54.39632526056904,1.8032727967618658,98.65363908153032,4676.599693581776,0
69.34171211326077,0.9466102130498026,100.81951772583324,12192.944059928881,0
64.36125323447541,2.3176433925642295,91.5203826697824,1120.7735364104065,0
63.22702057932968,3.2188747489542537,101.77491470701744,7544.5749692441195,0
74.28747787453545,3.2436222870140523,102.13176070909184,11233.25640053341,0
80.77478542719683,2.1583763317346842,96.15689684756576,14551.731279252175,0
66.56744238163134,2.153342086838374,116.26771343334286,14113.12109936822,0
77.80681089925777,4.7027501150339726,103.43808968005844,2963.6119982104447,0
70.49740665444598,4.370724881137829,109.02791229217428,1503.4070640030018,0
61.07267790761991,1.6093962685171752,88.35029609064541,7527.167995996011,0
